ModuleId,ModuleName,SortOrder,AddressName,DBNumber,StartAddress,DataType,BitPosition,Writable,Readable,ShowInUI,SubGroup,UIOrder,ControlType,UILabel,Tooltip,StyleKey,Unit,DecimalPlaces,MinValue,MaxValue,Description,IsAlarmSignal,AlarmTriggerOnHigh,AlarmLevel,AlarmShowPopup,AlarmPlaySound,AlarmSuggestedAction
LargeTrayFeedingXAxis,大料盘放料X轴,1,大料盘放料X轴负点动,3,2700,Bit,0,TRUE,TRUE,TRUE,点动控制,1,JogButton,负点动,X轴负向点动(按住触发),,,,,,负向点动控制,FALSE,TRUE,Error,FALSE,FALSE,
LargeTrayFeedingXAxis,大料盘放料X轴,1,大料盘放料X轴正点动,3,2700,Bit,1,TRUE,TRUE,TRUE,点动控制,0,JogButton,正点动,X轴正向点动(按住触发),,,,,,正向点动控制,FALSE,TRUE,Error,FALSE,FALSE,
LargeTrayFeedingXAxis,大料盘放料X轴,1,大料盘放料X轴使能关,3,2700,Bit,2,TRUE,TRUE,TRUE,使能控制,0,ToggleButton,使能开关,X轴使能开关,,,,,,使能控制开关,FALSE,TRUE,Error,FALSE,FALSE,
LargeTrayFeedingXAxis,大料盘放料X轴,1,大料盘放料X轴报警标志,3,2700,Bit,3,FALSE,TRUE,FALSE,系统状态,0,Indicator,报警标志,报警标志,,,,,,报警标志位,TRUE,TRUE,Error,TRUE,TRUE,检查设备状态并排除故障
LargeTrayFeedingXAxis,大料盘放料X轴,1,大料盘放料X轴使能完成,3,2700,Bit,4,FALSE,TRUE,TRUE,使能控制,1,Indicator,使能完成,X轴使能完成标志,,,,,,使能完成反馈,FALSE,TRUE,Error,FALSE,FALSE,
LargeTrayFeedingXAxis,大料盘放料X轴,1,大料盘放料X轴运行速度,3,2702,Int16,0,TRUE,TRUE,TRUE,速度参数,0,NumberInput,运行速度,X轴运行速度设定值,,mm/s,0,0,3000,运行速度参数,FALSE,TRUE,Error,FALSE,FALSE,
LargeTrayFeedingXAxis,大料盘放料X轴,1,大料盘放料X轴运行倍率,3,2704,Int16,0,TRUE,TRUE,TRUE,速度参数,1,NumberInput,运行倍率,X轴运行倍率设定值,,%,0,0,200,运行倍率参数,FALSE,TRUE,Error,FALSE,FALSE,
LargeTrayFeedingXAxis,大料盘放料X轴,1,大料盘放料X轴当前位置,3,2706,Float,0,FALSE,TRUE,TRUE,状态标志,0,NumberDisplay,当前位置,X轴当前实际位置反馈值,,mm,2,-9999,9999,当前位置反馈,FALSE,TRUE,Error,FALSE,FALSE,
LargeTrayFeedingXAxis,大料盘放料X轴,1,大料盘放料X轴手动启动初始放料位,3,2710,Bit,0,TRUE,TRUE,TRUE,手动启动,0,JogButton,启动初始放料位,启动到初始放料位(按住触发),,,,,,手动启动到初始放料位,FALSE,TRUE,Error,FALSE,FALSE,
LargeTrayFeedingXAxis,大料盘放料X轴,1,大料盘放料X轴手动启动出料位,3,2710,Bit,1,TRUE,TRUE,TRUE,手动启动,1,JogButton,启动出料位,启动到出料位(按住触发),,,,,,手动启动到出料位,FALSE,TRUE,Error,FALSE,FALSE,
LargeTrayFeedingXAxis,大料盘放料X轴,1,大料盘放料X轴初始放料位,3,2712,Float,0,TRUE,TRUE,TRUE,位置参数,0,NumberInput,初始放料位,初始放料位置设定值,,mm,2,-9999,9999,初始放料位参数,FALSE,TRUE,Error,FALSE,FALSE,
LargeTrayFeedingXAxis,大料盘放料X轴,1,大料盘放料X轴出料位,3,2716,Float,0,TRUE,TRUE,TRUE,位置参数,1,NumberInput,出料位,出料位置设定值,,mm,2,-9999,9999,出料位参数,FALSE,TRUE,Error,FALSE,FALSE,
LargeTrayFeedingXAxis,大料盘放料X轴,1,大料盘放料X轴急停指示,3,2720,Bit,0,FALSE,TRUE,FALSE,系统状态,1,Indicator,急停指示,急停指示,,,,,,急停状态,TRUE,TRUE,Critical,TRUE,TRUE,解除急停后重新启动
LargeTrayFeedingXAxis,大料盘放料X轴,1,大料盘放料X轴寸动,3,2720,Bit,1,TRUE,TRUE,TRUE,点动控制,2,JogButton,寸动,X轴寸动控制(按住触发),,,,,,寸动控制,FALSE,TRUE,Error,FALSE,FALSE,
LargeTrayFeedingXAxis,大料盘放料X轴,1,大料盘放料X轴伺服未准备好,3,2720,Bit,2,FALSE,TRUE,FALSE,系统状态,2,Indicator,伺服准备好,伺服准备好,,,,,,伺服就绪状态,TRUE,FALSE,Warning,FALSE,FALSE,检查伺服器连接
LargeTrayFeedingXAxis,大料盘放料X轴,1,大料盘放料X轴已到达正极限,3,2720,Bit,3,FALSE,TRUE,FALSE,系统状态,3,Indicator,已到达正极限,已到达正极限,,,,,,正极限状态,TRUE,TRUE,Error,TRUE,TRUE,停止设备并检查位置
LargeTrayFeedingXAxis,大料盘放料X轴,1,大料盘放料X轴已到达负极限,3,2720,Bit,4,FALSE,TRUE,FALSE,系统状态,4,Indicator,已到达负极限,已到达负极限,,,,,,负极限状态,TRUE,TRUE,Error,TRUE,TRUE,停止设备并检查位置
LargeTrayFeedingXAxis,大料盘放料X轴,1,大料盘放料X轴手动回原点,3,2720,Bit,5,TRUE,TRUE,TRUE,手动启动,2,JogButton,手动回原点,手动回原点(按住触发),,,,,,手动回原点控制,FALSE,TRUE,Error,FALSE,FALSE,
LargeTrayFeedingXAxis,大料盘放料X轴,1,大料盘放料X轴手动启动检测位,3,2720,Bit,6,TRUE,TRUE,TRUE,手动启动,3,JogButton,启动检测位,启动到检测位(按住触发),,,,,,手动启动到检测位,FALSE,TRUE,Error,FALSE,FALSE,
LargeTrayFeedingXAxis,大料盘放料X轴,1,大料盘放料X轴手动启动进料位,3,2720,Bit,7,TRUE,TRUE,TRUE,手动启动,4,JogButton,启动进料位,启动到进料位(按住触发),,,,,,手动启动到进料位,FALSE,TRUE,Error,FALSE,FALSE,
LargeTrayFeedingXAxis,大料盘放料X轴,1,大料盘放料X轴寸动距离,3,2722,Float,0,TRUE,TRUE,TRUE,位置参数,2,NumberInput,寸动距离,寸动距离设定值,,mm,2,0,1000,寸动距离参数,FALSE,TRUE,Error,FALSE,FALSE,
LargeTrayFeedingXAxis,大料盘放料X轴,1,大料盘放料X轴当前实际速度,3,2726,Float,0,FALSE,TRUE,TRUE,速度参数,2,NumberDisplay,当前实际速度,X轴当前实际速度反馈值,,mm/s,1,0,3000,当前速度反馈,FALSE,TRUE,Error,FALSE,FALSE,
LargeTrayFeedingXAxis,大料盘放料X轴,1,大料盘放料X轴点动运行速度,3,2730,Int16,0,TRUE,TRUE,TRUE,速度参数,3,NumberInput,点动运行速度,点动运行速度设定值,,mm/s,0,0,1000,点动运行速度参数,FALSE,TRUE,Error,FALSE,FALSE,
LargeTrayFeedingXAxis,大料盘放料X轴,1,大料盘放料X轴检测料盘方向位,3,2732,Float,0,TRUE,TRUE,TRUE,位置参数,3,NumberInput,检测料盘方向位,检测料盘方向位置设定值,,mm,2,-9999,9999,检测料盘方向位参数,FALSE,TRUE,Error,FALSE,FALSE,
LargeTrayFeedingXAxis,大料盘放料X轴,1,大料盘放料X轴进料位,3,2736,Float,0,TRUE,TRUE,TRUE,位置参数,4,NumberInput,进料位,进料位置设定值,,mm,2,-9999,9999,进料位参数,FALSE,TRUE,Error,FALSE,FALSE,
LargeTrayFeedingXAxis,大料盘放料X轴,1,大料盘放料X轴出料位标志,3,2740,Bit,0,FALSE,TRUE,TRUE,状态标志,1,Indicator,出料位到位,出料位到位标志位,,,,,,出料位到位标志,FALSE,TRUE,Error,FALSE,FALSE,
LargeTrayFeedingXAxis,大料盘放料X轴,1,大料盘放料X轴进位标志,3,2740,Bit,1,FALSE,TRUE,TRUE,状态标志,2,Indicator,进位到位,进位到位标志位,,,,,,进位到位标志,FALSE,TRUE,Error,FALSE,FALSE,
LargeTrayFeedingXAxis,大料盘放料X轴,1,大料盘放料X轴检测位标志,3,2740,Bit,2,FALSE,TRUE,TRUE,状态标志,3,Indicator,检测位到位,检测位到位标志位,,,,,,检测位到位标志,FALSE,TRUE,Error,FALSE,FALSE,
LargeTrayFeedingXAxis,大料盘放料X轴,1,大料盘放料X轴初始位标志,3,2740,Bit,3,FALSE,TRUE,TRUE,状态标志,4,Indicator,初始位到位,初始位到位标志位,,,,,,初始位到位标志,FALSE,TRUE,Error,FALSE,FALSE,
SmallTrayFeedingYAxis,小料盘放料Y轴,2,小料盘放料Y轴负点动,3,2600,Bit,0,TRUE,TRUE,TRUE,点动控制,1,JogButton,负点动,Y轴负向点动(按住触发),,,,,,负向点动控制,FALSE,TRUE,Error,FALSE,FALSE,
SmallTrayFeedingYAxis,小料盘放料Y轴,2,小料盘放料Y轴正点动,3,2600,Bit,1,TRUE,TRUE,TRUE,点动控制,0,JogButton,正点动,Y轴正向点动(按住触发),,,,,,正向点动控制,FALSE,TRUE,Error,FALSE,FALSE,
SmallTrayFeedingYAxis,小料盘放料Y轴,2,小料盘放料Y轴使能关,3,2600,Bit,2,TRUE,TRUE,TRUE,使能控制,0,ToggleButton,使能开关,Y轴使能开关,,,,,,使能控制开关,FALSE,TRUE,Error,FALSE,FALSE,
SmallTrayFeedingYAxis,小料盘放料Y轴,2,小料盘放料Y轴报警标志,3,2600,Bit,3,FALSE,TRUE,FALSE,系统状态,0,Indicator,报警标志,报警标志,,,,,,报警标志位,TRUE,TRUE,Error,TRUE,TRUE,检查设备状态并排除故障
SmallTrayFeedingYAxis,小料盘放料Y轴,2,小料盘放料Y轴使能完成,3,2600,Bit,4,FALSE,TRUE,TRUE,使能控制,1,Indicator,使能完成,Y轴使能完成标志,,,,,,使能完成反馈,FALSE,TRUE,Error,FALSE,FALSE,
SmallTrayFeedingYAxis,小料盘放料Y轴,2,小料盘放料Y轴运行速度,3,2602,Int16,0,TRUE,TRUE,TRUE,速度参数,0,NumberInput,运行速度,Y轴运行速度设定值,,mm/s,0,0,3000,运行速度参数,FALSE,TRUE,Error,FALSE,FALSE,
SmallTrayFeedingYAxis,小料盘放料Y轴,2,小料盘放料Y轴运行倍率,3,2604,Int16,0,TRUE,TRUE,TRUE,速度参数,1,NumberInput,运行倍率,Y轴运行倍率设定值,,%,0,0,200,运行倍率参数,FALSE,TRUE,Error,FALSE,FALSE,
SmallTrayFeedingYAxis,小料盘放料Y轴,2,小料盘放料Y轴当前位置,3,2606,Float,0,FALSE,TRUE,TRUE,状态标志,0,NumberDisplay,当前位置,Y轴当前实际位置反馈值,,mm,2,-9999,9999,当前位置反馈,FALSE,TRUE,Error,FALSE,FALSE,
SmallTrayFeedingYAxis,小料盘放料Y轴,2,小料盘放料Y轴手动启动初始放料位,3,2610,Bit,0,TRUE,TRUE,TRUE,手动启动,0,JogButton,启动初始放料位,启动到初始放料位(按住触发),,,,,,手动启动到初始放料位,FALSE,TRUE,Error,FALSE,FALSE,
SmallTrayFeedingYAxis,小料盘放料Y轴,2,小料盘放料Y轴手动启动出料位,3,2610,Bit,1,TRUE,TRUE,TRUE,手动启动,1,JogButton,启动出料位,启动到出料位(按住触发),,,,,,手动启动到出料位,FALSE,TRUE,Error,FALSE,FALSE,
SmallTrayFeedingYAxis,小料盘放料Y轴,2,小料盘放料Y轴初始放料位,3,2612,Float,0,TRUE,TRUE,TRUE,位置参数,0,NumberInput,初始放料位,初始放料位置设定值,,mm,2,-9999,9999,初始放料位参数,FALSE,TRUE,Error,FALSE,FALSE,
SmallTrayFeedingYAxis,小料盘放料Y轴,2,小料盘放料Y轴出料位,3,2616,Float,0,TRUE,TRUE,TRUE,位置参数,1,NumberInput,出料位,出料位置设定值,,mm,2,-9999,9999,出料位参数,FALSE,TRUE,Error,FALSE,FALSE,
SmallTrayFeedingYAxis,小料盘放料Y轴,2,小料盘放料Y轴急停指示,3,2620,Bit,0,FALSE,TRUE,FALSE,系统状态,1,Indicator,急停指示,急停指示,,,,,,急停状态,TRUE,TRUE,Critical,TRUE,TRUE,解除急停后重新启动
SmallTrayFeedingYAxis,小料盘放料Y轴,2,小料盘放料Y轴寸动,3,2620,Bit,1,TRUE,TRUE,TRUE,点动控制,2,JogButton,寸动,Y轴寸动控制(按住触发),,,,,,寸动控制,FALSE,TRUE,Error,FALSE,FALSE,
SmallTrayFeedingYAxis,小料盘放料Y轴,2,小料盘放料Y轴伺服未准备好,3,2620,Bit,2,FALSE,TRUE,FALSE,系统状态,2,Indicator,伺服准备好,伺服准备好,,,,,,伺服就绪状态,TRUE,FALSE,Warning,FALSE,FALSE,检查伺服器连接
SmallTrayFeedingYAxis,小料盘放料Y轴,2,小料盘放料Y轴已到达正极限,3,2620,Bit,3,FALSE,TRUE,FALSE,系统状态,3,Indicator,已到达正极限,已到达正极限,,,,,,正极限状态,TRUE,TRUE,Error,TRUE,TRUE,停止设备并检查位置
SmallTrayFeedingYAxis,小料盘放料Y轴,2,小料盘放料Y轴已到达负极限,3,2620,Bit,4,FALSE,TRUE,FALSE,系统状态,4,Indicator,已到达负极限,已到达负极限,,,,,,负极限状态,TRUE,TRUE,Error,TRUE,TRUE,停止设备并检查位置
SmallTrayFeedingYAxis,小料盘放料Y轴,2,小料盘放料Y轴手动回原点,3,2620,Bit,5,TRUE,TRUE,TRUE,手动启动,2,JogButton,手动回原点,手动回原点(按住触发),,,,,,手动回原点控制,FALSE,TRUE,Error,FALSE,FALSE,
SmallTrayFeedingYAxis,小料盘放料Y轴,2,小料盘放料Y轴手动启动检测位,3,2620,Bit,6,TRUE,TRUE,TRUE,手动启动,3,JogButton,启动检测位,启动到检测位(按住触发),,,,,,手动启动到检测位,FALSE,TRUE,Error,FALSE,FALSE,
SmallTrayFeedingYAxis,小料盘放料Y轴,2,小料盘放料Y轴手动启动进料位,3,2620,Bit,7,TRUE,TRUE,TRUE,手动启动,4,JogButton,启动进料位,启动到进料位(按住触发),,,,,,手动启动到进料位,FALSE,TRUE,Error,FALSE,FALSE,
SmallTrayFeedingYAxis,小料盘放料Y轴,2,小料盘放料Y轴寸动距离,3,2622,Float,0,TRUE,TRUE,TRUE,位置参数,2,NumberInput,寸动距离,寸动距离设定值,,mm,2,0,1000,寸动距离参数,FALSE,TRUE,Error,FALSE,FALSE,
SmallTrayFeedingYAxis,小料盘放料Y轴,2,小料盘放料Y轴当前实际速度,3,2626,Float,0,FALSE,TRUE,TRUE,速度参数,2,NumberDisplay,当前实际速度,Y轴当前实际速度反馈值,,mm/s,1,0,3000,当前速度反馈,FALSE,TRUE,Error,FALSE,FALSE,
SmallTrayFeedingYAxis,小料盘放料Y轴,2,小料盘放料Y轴点动运行速度,3,2630,Int16,0,TRUE,TRUE,TRUE,速度参数,3,NumberInput,点动运行速度,点动运行速度设定值,,mm/s,0,0,1000,点动运行速度参数,FALSE,TRUE,Error,FALSE,FALSE,
SmallTrayFeedingYAxis,小料盘放料Y轴,2,小料盘放料Y轴检测料盘方向位,3,2632,Float,0,TRUE,TRUE,TRUE,位置参数,3,NumberInput,检测料盘方向位,检测料盘方向位置设定值,,mm,2,-9999,9999,检测料盘方向位参数,FALSE,TRUE,Error,FALSE,FALSE,
SmallTrayFeedingYAxis,小料盘放料Y轴,2,小料盘放料Y轴进料位,3,2636,Float,0,TRUE,TRUE,TRUE,位置参数,4,NumberInput,进料位,进料位置设定值,,mm,2,-9999,9999,进料位参数,FALSE,TRUE,Error,FALSE,FALSE,
SmallTrayFeedingYAxis,小料盘放料Y轴,2,小料盘放料Y轴出料位标志,3,2640,Bit,0,FALSE,TRUE,TRUE,状态标志,1,Indicator,出料位到位,出料位到位标志位,,,,,,出料位到位标志,FALSE,TRUE,Error,FALSE,FALSE,
SmallTrayFeedingYAxis,小料盘放料Y轴,2,小料盘放料Y轴进位标志,3,2640,Bit,1,FALSE,TRUE,TRUE,状态标志,2,Indicator,进位到位,进位到位标志位,,,,,,进位到位标志,FALSE,TRUE,Error,FALSE,FALSE,
SmallTrayFeedingYAxis,小料盘放料Y轴,2,小料盘放料Y轴检测位标志,3,2640,Bit,2,FALSE,TRUE,TRUE,状态标志,3,Indicator,检测位到位,检测位到位标志位,,,,,,检测位到位标志,FALSE,TRUE,Error,FALSE,FALSE,
SmallTrayFeedingYAxis,小料盘放料Y轴,2,小料盘放料Y轴初始位标志,3,2640,Bit,3,FALSE,TRUE,TRUE,状态标志,4,Indicator,初始位到位,初始位到位标志位,,,,,,初始位到位标志,FALSE,TRUE,Error,FALSE,FALSE,
SmallTrayFeedingYAxis,小料盘放料Y轴,2,小料盘放料Y轴安全位标志,3,2640,Bit,4,FALSE,TRUE,TRUE,状态标志,5,Indicator,安全位到位,安全位到位标志位,,,,,,安全位到位标志,FALSE,TRUE,Error,FALSE,FALSE,
SmallTrayFeedingYAxis,小料盘放料Y轴,2,小料盘放料Y轴手动启动安全位,3,2640,Bit,5,TRUE,TRUE,TRUE,手动启动,5,JogButton,启动安全位,启动到安全位(按住触发),,,,,,手动启动到安全位,FALSE,TRUE,Error,FALSE,FALSE,
SmallTrayFeedingYAxis,小料盘放料Y轴,2,小料盘放料Y轴安全位,3,2642,Float,0,TRUE,TRUE,TRUE,位置参数,5,NumberInput,安全位,安全位置设定值,,mm,2,-9999,9999,安全位参数,FALSE,TRUE,Error,FALSE,FALSE,
UpperLargeMaterialStation,上大料工位,3,上大料位正点动,3,2000,Bit,0,TRUE,TRUE,TRUE,点动控制,0,JogButton,正点动,正向点动(按住触发),,,,,,正向点动控制,FALSE,TRUE,Error,FALSE,FALSE,
UpperLargeMaterialStation,上大料工位,3,上大料位负点动,3,2000,Bit,1,TRUE,TRUE,TRUE,点动控制,1,JogButton,负点动,负向点动(按住触发),,,,,,负向点动控制,FALSE,TRUE,Error,FALSE,FALSE,
UpperLargeMaterialStation,上大料工位,3,上大料位使能关,3,2000,Bit,2,TRUE,TRUE,TRUE,使能控制,0,ToggleButton,使能开关,使能开关,,,,,,使能控制开关,FALSE,TRUE,Error,FALSE,FALSE,
UpperLargeMaterialStation,上大料工位,3,上大料位使能完成,3,2000,Bit,3,FALSE,TRUE,TRUE,使能控制,1,Indicator,使能完成,使能完成标志,,,,,,使能完成反馈,FALSE,TRUE,Error,FALSE,FALSE,
UpperLargeMaterialStation,上大料工位,3,上大料位未回原点标志,3,2000,Bit,4,FALSE,TRUE,FALSE,系统状态,0,Indicator,回原点完成,回原点完成,,,,,,回原点状态,TRUE,FALSE,Warning,FALSE,FALSE,检查回原点状态
UpperLargeMaterialStation,上大料工位,3,上大料位手动回原点,3,2000,Bit,5,TRUE,TRUE,TRUE,手动控制,0,JogButton,手动回原点,手动回原点(按住触发),,,,,,手动回原点控制,FALSE,TRUE,Error,FALSE,FALSE,
UpperLargeMaterialStation,上大料工位,3,上大料位手动启动推拉块电机,3,2000,Bit,6,TRUE,TRUE,TRUE,手动控制,1,ToggleButton,推拉块电机,启动推拉块电机,,,,,,推拉块电机控制,FALSE,TRUE,Error,FALSE,FALSE,
UpperLargeMaterialStation,上大料工位,3,上大料位手动启动料盘备料区电机,3,2000,Bit,7,TRUE,TRUE,TRUE,手动控制,2,ToggleButton,料盘备料区电机,启动料盘备料区电机,,,,,,备料区电机控制,FALSE,TRUE,Error,FALSE,FALSE,
UpperLargeMaterialStation,上大料工位,3,上大料位手动启动送料盘到放料区电机,3,2001,Bit,0,TRUE,TRUE,TRUE,手动控制,3,ToggleButton,送料到放料区,启动送料盘到放料区电机,,,,,,送料电机控制,FALSE,TRUE,Error,FALSE,FALSE,
UpperLargeMaterialStation,上大料工位,3,上大料位手动启动气缸,3,2001,Bit,1,TRUE,TRUE,TRUE,手动控制,4,ToggleButton,气缸控制,启动气缸,,,,,,气缸控制,FALSE,TRUE,Error,FALSE,FALSE,
UpperLargeMaterialStation,上大料工位,3,上大料位手动启动一层料盘位,3,2001,Bit,2,TRUE,TRUE,TRUE,手动控制,5,ToggleButton,一层料盘位,启动到一层料盘位,,,,,,一层料盘位控制,FALSE,TRUE,Error,FALSE,FALSE,
UpperLargeMaterialStation,上大料工位,3,上大料位手动启动二层料盘位,3,2001,Bit,3,TRUE,TRUE,TRUE,手动控制,6,ToggleButton,二层料盘位,启动到二层料盘位,,,,,,二层料盘位控制,FALSE,TRUE,Error,FALSE,FALSE,
UpperLargeMaterialStation,上大料工位,3,上大料位检查进料区电机进料卡料,3,2001,Bit,4,FALSE,TRUE,FALSE,系统状态,1,Indicator,进料区卡料,进料区电机进料卡料,,,,,,进料区卡料检测,TRUE,TRUE,Warning,TRUE,FALSE,检查进料区是否卡料
UpperLargeMaterialStation,上大料工位,3,上大料位检测是否上料卡料,3,2001,Bit,5,FALSE,TRUE,FALSE,系统状态,2,Indicator,上料卡料,上料卡料检测,,,,,,上料卡料检测,TRUE,TRUE,Warning,TRUE,FALSE,检查上料区是否卡料
UpperLargeMaterialStation,上大料工位,3,上大料位一层料盘位置,3,2002,Float,0,TRUE,TRUE,TRUE,位置参数,0,NumberInput,一层料盘位置,一层料盘位置设定值,,mm,2,-9999,9999,一层料盘位置参数,FALSE,TRUE,Error,FALSE,FALSE,
UpperLargeMaterialStation,上大料工位,3,上大料位二层料盘位置,3,2006,Float,0,TRUE,TRUE,TRUE,位置参数,1,NumberInput,二层料盘位置,二层料盘位置设定值,,mm,2,-9999,9999,二层料盘位置参数,FALSE,TRUE,Error,FALSE,FALSE,
UpperLargeMaterialStation,上大料工位,3,上大料位点动速度,3,2010,Float,0,TRUE,TRUE,TRUE,速度参数,0,NumberInput,点动速度,点动速度设定值,,mm/s,1,0,3000,点动速度参数,FALSE,TRUE,Error,FALSE,FALSE,
UpperLargeMaterialStation,上大料工位,3,上大料位当前位置,3,2014,Float,0,FALSE,TRUE,TRUE,状态反馈,0,NumberDisplay,当前位置,当前位置反馈值,,mm,2,-9999,9999,当前位置反馈,FALSE,TRUE,Error,FALSE,FALSE,
UpperLargeMaterialStation,上大料工位,3,上大料位绝对定位速度,3,2018,Float,0,TRUE,TRUE,TRUE,速度参数,1,NumberInput,绝对定位速度,绝对定位速度设定值,,mm/s,1,0,3000,绝对定位速度参数,FALSE,TRUE,Error,FALSE,FALSE,
UpperLargeMaterialStation,上大料工位,3,上大料位相对定位速度,3,2022,Float,0,TRUE,TRUE,TRUE,速度参数,2,NumberInput,相对定位速度,相对定位速度设定值,,mm/s,1,0,3000,相对定位速度参数,FALSE,TRUE,Error,FALSE,FALSE,
UpperLargeMaterialStation,上大料工位,3,上大料位轴报错,3,2001,Bit,6,FALSE,TRUE,FALSE,系统状态,3,Indicator,轴报错,轴报错,,,,,,轴报错信号,TRUE,TRUE,Error,TRUE,TRUE,检查轴运行状态
UpperLargeMaterialStation,上大料工位,3,上大料位手动启动等待位,3,2001,Bit,7,TRUE,TRUE,TRUE,手动控制,7,ToggleButton,等待位,启动到等待位,,,,,,等待位控制,FALSE,TRUE,Error,FALSE,FALSE,
UpperLargeMaterialStation,上大料工位,3,上大料位检查备料区进料卡料,3,2026,Bit,0,FALSE,TRUE,FALSE,系统状态,4,Indicator,备料区卡料,备料区进料卡料,,,,,,备料区卡料检测,TRUE,TRUE,Warning,TRUE,FALSE,检查备料区是否卡料
UpperLargeMaterialStation,上大料工位,3,上大料位等待位标志,3,2026,Bit,1,FALSE,TRUE,TRUE,状态反馈,1,Indicator,等待位到位,等待位标志,,,,,,等待位到位标志,FALSE,TRUE,Error,FALSE,FALSE,
UpperLargeMaterialStation,上大料工位,3,上大料位一层料盘位置标志,3,2026,Bit,2,FALSE,TRUE,TRUE,状态反馈,2,Indicator,一层料盘到位,一层料盘位置标志,,,,,,一层料盘到位标志,FALSE,TRUE,Error,FALSE,FALSE,
UpperLargeMaterialStation,上大料工位,3,上大料位二层料盘位置标志,3,2026,Bit,3,FALSE,TRUE,TRUE,状态反馈,3,Indicator,二层料盘到位,二层料盘位置标志,,,,,,二层料盘到位标志,FALSE,TRUE,Error,FALSE,FALSE,
UpperLargeMaterialStation,上大料工位,3,上大料位气缸处卡料,3,2026,Bit,4,FALSE,TRUE,FALSE,系统状态,5,Indicator,气缸处卡料,气缸处卡料,,,,,,气缸卡料检测,TRUE,TRUE,Warning,TRUE,FALSE,检查气缸是否卡料
UpperLargeMaterialStation,上大料工位,3,接料区接大料盒超时,3,2026,Bit,5,FALSE,TRUE,FALSE,系统状态,6,Indicator,接料超时,接料区接大料盒超时,,,,,,接料超时检测,TRUE,TRUE,Warning,TRUE,FALSE,检查接料区状态
UpperSmallMaterialStation,上小料工位,4,上小料位正点动,3,2100,Bit,0,TRUE,TRUE,TRUE,点动控制,0,JogButton,正点动,正向点动(按住触发),,,,,,正向点动控制,FALSE,TRUE,Error,FALSE,FALSE,
UpperSmallMaterialStation,上小料工位,4,上小料位负点动,3,2100,Bit,1,TRUE,TRUE,TRUE,点动控制,1,JogButton,负点动,负向点动(按住触发),,,,,,负向点动控制,FALSE,TRUE,Error,FALSE,FALSE,
UpperSmallMaterialStation,上小料工位,4,上小料位使能关,3,2100,Bit,2,TRUE,TRUE,TRUE,使能控制,0,ToggleButton,使能开关,使能开关,,,,,,使能控制开关,FALSE,TRUE,Error,FALSE,FALSE,
UpperSmallMaterialStation,上小料工位,4,上小料位使能完成,3,2100,Bit,3,FALSE,TRUE,TRUE,使能控制,1,Indicator,使能完成,使能完成标志,,,,,,使能完成反馈,FALSE,TRUE,Error,FALSE,FALSE,
UpperSmallMaterialStation,上小料工位,4,上小料位未回原点标志,3,2100,Bit,4,FALSE,TRUE,FALSE,系统状态,0,Indicator,回原点完成,回原点完成,,,,,,回原点状态,TRUE,FALSE,Warning,FALSE,FALSE,检查回原点状态
UpperSmallMaterialStation,上小料工位,4,上小料位手动回原点,3,2100,Bit,5,TRUE,TRUE,TRUE,手动控制,0,ToggleButton,手动回原点,手动回原点,,,,,,手动回原点控制,FALSE,TRUE,Error,FALSE,FALSE,
UpperSmallMaterialStation,上小料工位,4,上小料位手动启动推拉块电机,3,2100,Bit,6,TRUE,TRUE,TRUE,手动控制,1,ToggleButton,推拉块电机,启动推拉块电机,,,,,,推拉块电机控制,FALSE,TRUE,Error,FALSE,FALSE,
UpperSmallMaterialStation,上小料工位,4,上小料位手动启动料盘备料区电机,3,2100,Bit,7,TRUE,TRUE,TRUE,手动控制,2,ToggleButton,料盘备料区电机,启动料盘备料区电机,,,,,,备料区电机控制,FALSE,TRUE,Error,FALSE,FALSE,
UpperSmallMaterialStation,上小料工位,4,上小料位手动启动送料盘到放料区电机,3,2101,Bit,0,TRUE,TRUE,TRUE,手动控制,3,ToggleButton,送料到放料区,启动送料盘到放料区电机,,,,,,送料电机控制,FALSE,TRUE,Error,FALSE,FALSE,
UpperSmallMaterialStation,上小料工位,4,上小料位手动启动气缸,3,2101,Bit,1,TRUE,TRUE,TRUE,手动控制,4,ToggleButton,气缸控制,启动气缸,,,,,,气缸控制,FALSE,TRUE,Error,FALSE,FALSE,
UpperSmallMaterialStation,上小料工位,4,上小料位手动启动一层料盘位,3,2101,Bit,2,TRUE,TRUE,TRUE,手动控制,5,ToggleButton,一层料盘位,启动到一层料盘位,,,,,,一层料盘位控制,FALSE,TRUE,Error,FALSE,FALSE,
UpperSmallMaterialStation,上小料工位,4,上小料位手动启动二层料盘位,3,2101,Bit,3,TRUE,TRUE,TRUE,手动控制,6,ToggleButton,二层料盘位,启动到二层料盘位,,,,,,二层料盘位控制,FALSE,TRUE,Error,FALSE,FALSE,
UpperSmallMaterialStation,上小料工位,4,上小料位检查进料区电机进料卡料,3,2101,Bit,4,FALSE,TRUE,FALSE,系统状态,1,Indicator,进料区卡料,进料区电机进料卡料,,,,,,进料区卡料检测,TRUE,TRUE,Warning,TRUE,FALSE,检查进料区是否卡料
UpperSmallMaterialStation,上小料工位,4,上小料位检测是否上料卡料,3,2101,Bit,5,FALSE,TRUE,FALSE,系统状态,2,Indicator,上料卡料,上料卡料检测,,,,,,上料卡料检测,TRUE,TRUE,Warning,TRUE,FALSE,检查上料区是否卡料
UpperSmallMaterialStation,上小料工位,4,上小料位轴报错,3,2101,Bit,6,FALSE,TRUE,FALSE,系统状态,3,Indicator,轴报错,轴报错,,,,,,轴报错信号,TRUE,TRUE,Error,TRUE,TRUE,检查轴运行状态
UpperSmallMaterialStation,上小料工位,4,上小料位手动启动等待位,3,2101,Bit,7,TRUE,TRUE,TRUE,手动控制,7,ToggleButton,等待位,启动到等待位,,,,,,等待位控制,FALSE,TRUE,Error,FALSE,FALSE,
UpperSmallMaterialStation,上小料工位,4,上小料位检查备料区进料卡料,3,2102,Bit,0,FALSE,TRUE,FALSE,系统状态,4,Indicator,备料区卡料,备料区进料卡料,,,,,,备料区卡料检测,TRUE,TRUE,Warning,TRUE,FALSE,检查备料区是否卡料
UpperSmallMaterialStation,上小料工位,4,上小料位一层料盘位置,3,2104,Float,0,TRUE,TRUE,TRUE,位置参数,0,NumberInput,一层料盘位置,一层料盘位置设定值,,mm,2,-9999,9999,一层料盘位置参数,FALSE,TRUE,Error,FALSE,FALSE,
UpperSmallMaterialStation,上小料工位,4,上小料位二层料盘位置,3,2108,Float,0,TRUE,TRUE,TRUE,位置参数,1,NumberInput,二层料盘位置,二层料盘位置设定值,,mm,2,-9999,9999,二层料盘位置参数,FALSE,TRUE,Error,FALSE,FALSE,
UpperSmallMaterialStation,上小料工位,4,上小料位点动速度,3,2112,Float,0,TRUE,TRUE,TRUE,速度参数,0,NumberInput,点动速度,点动速度设定值,,mm/s,1,0,3000,点动速度参数,FALSE,TRUE,Error,FALSE,FALSE,
UpperSmallMaterialStation,上小料工位,4,上小料位当前位置,3,2116,Float,0,FALSE,TRUE,TRUE,状态反馈,0,NumberDisplay,当前位置,当前位置反馈值,,mm,2,-9999,9999,当前位置反馈,FALSE,TRUE,Error,FALSE,FALSE,
UpperSmallMaterialStation,上小料工位,4,上小料位绝对定位速度,3,2120,Float,0,TRUE,TRUE,TRUE,速度参数,1,NumberInput,绝对定位速度,绝对定位速度设定值,,mm/s,1,0,3000,绝对定位速度参数,FALSE,TRUE,Error,FALSE,FALSE,
UpperSmallMaterialStation,上小料工位,4,上小料位相对定位速度,3,2124,Float,0,TRUE,TRUE,TRUE,速度参数,2,NumberInput,相对定位速度,相对定位速度设定值,,mm/s,1,0,3000,相对定位速度参数,FALSE,TRUE,Error,FALSE,FALSE,
UpperSmallMaterialStation,上小料工位,4,上小料位等待位标志,3,2128,Bit,0,FALSE,TRUE,TRUE,状态反馈,1,Indicator,等待位到位,等待位标志,,,,,,等待位到位标志,FALSE,TRUE,Error,FALSE,FALSE,
UpperSmallMaterialStation,上小料工位,4,上小料位一层料盘位置标志,3,2128,Bit,1,FALSE,TRUE,TRUE,状态反馈,2,Indicator,一层料盘到位,一层料盘位置标志,,,,,,一层料盘到位标志,FALSE,TRUE,Error,FALSE,FALSE,
UpperSmallMaterialStation,上小料工位,4,上小料位二层料盘位置标志,3,2128,Bit,2,FALSE,TRUE,TRUE,状态反馈,3,Indicator,二层料盘到位,二层料盘位置标志,,,,,,二层料盘到位标志,FALSE,TRUE,Error,FALSE,FALSE,
UpperSmallMaterialStation,上小料工位,4,上小料位气缸处卡料,3,2128,Bit,3,FALSE,TRUE,FALSE,系统状态,5,Indicator,气缸处卡料,气缸处卡料,,,,,,气缸卡料检测,TRUE,TRUE,Warning,TRUE,FALSE,检查气缸是否卡料
UpperSmallMaterialStation,上小料工位,4,接料区接小料盒超时,3,2128,Bit,4,FALSE,TRUE,FALSE,系统状态,6,Indicator,接料超时,接料区接小料盒超时,,,,,,接料超时检测,TRUE,TRUE,Warning,TRUE,FALSE,检查接料区状态
LowerLargeMaterialStation,下大料工位,5,下大料位正点动,3,2200,Bit,0,TRUE,TRUE,TRUE,点动控制,0,JogButton,正点动,正向点动(按住触发),,,,,,正向点动控制,FALSE,TRUE,Error,FALSE,FALSE,
LowerLargeMaterialStation,下大料工位,5,下大料位负点动,3,2200,Bit,1,TRUE,TRUE,TRUE,点动控制,1,JogButton,负点动,负向点动(按住触发),,,,,,负向点动控制,FALSE,TRUE,Error,FALSE,FALSE,
LowerLargeMaterialStation,下大料工位,5,下大料位使能关,3,2200,Bit,2,TRUE,TRUE,TRUE,使能控制,0,ToggleButton,使能开关,使能开关,,,,,,使能控制开关,FALSE,TRUE,Error,FALSE,FALSE,
LowerLargeMaterialStation,下大料工位,5,下大料位使能完成,3,2200,Bit,3,FALSE,TRUE,TRUE,使能控制,1,Indicator,使能完成,使能完成标志,,,,,,使能完成反馈,FALSE,TRUE,Error,FALSE,FALSE,
LowerLargeMaterialStation,下大料工位,5,下大料位未回原点标志,3,2200,Bit,4,FALSE,TRUE,FALSE,系统状态,0,Indicator,回原点完成,回原点完成,,,,,,回原点状态,TRUE,FALSE,Warning,FALSE,FALSE,检查回原点状态
LowerLargeMaterialStation,下大料工位,5,下大料位手动回原点,3,2200,Bit,5,TRUE,TRUE,TRUE,手动控制,0,JogButton,手动回原点,手动回原点(按住触发),,,,,,手动回原点控制,FALSE,TRUE,Error,FALSE,FALSE,
LowerLargeMaterialStation,下大料工位,5,下大料位手动启动推拉块电机,3,2200,Bit,6,TRUE,TRUE,TRUE,手动控制,1,ToggleButton,推拉块电机,启动推拉块电机,,,,,,推拉块电机控制,FALSE,TRUE,Error,FALSE,FALSE,
LowerLargeMaterialStation,下大料工位,5,下大料位手动启动料盘码垛区电机,3,2200,Bit,7,TRUE,TRUE,TRUE,手动控制,2,ToggleButton,料盘码垛区电机,启动料盘码垛区电机,,,,,,码垛区电机控制,FALSE,TRUE,Error,FALSE,FALSE,
LowerLargeMaterialStation,下大料工位,5,下大料位手动启动送料盘到码垛区电机,3,2201,Bit,0,TRUE,TRUE,TRUE,手动控制,3,ToggleButton,送料到码垛区,启动送料盘到码垛区电机,,,,,,送料电机控制,FALSE,TRUE,Error,FALSE,FALSE,
LowerLargeMaterialStation,下大料工位,5,下大料位手动启动气缸,3,2201,Bit,1,TRUE,TRUE,TRUE,手动控制,4,ToggleButton,气缸控制,启动气缸,,,,,,气缸控制,FALSE,TRUE,Error,FALSE,FALSE,
LowerLargeMaterialStation,下大料工位,5,下大料位手动启动过料盘位,3,2201,Bit,2,TRUE,TRUE,TRUE,手动控制,5,ToggleButton,过料盘位,启动过料盘位,,,,,,过料盘位控制,FALSE,TRUE,Error,FALSE,FALSE,
LowerLargeMaterialStation,下大料工位,5,下大料位手动启动顶升料盘码垛位,3,2201,Bit,3,TRUE,TRUE,TRUE,手动控制,6,ToggleButton,顶升料盘码垛位,启动顶升料盘码垛位,,,,,,码垛位控制,FALSE,TRUE,Error,FALSE,FALSE,
LowerLargeMaterialStation,下大料工位,5,下大料位检查码垛区电机进料卡料,3,2201,Bit,4,FALSE,TRUE,FALSE,系统状态,1,Indicator,码垛区进料卡料,码垛区电机进料卡料,,,,,,码垛区进料卡料检测,TRUE,TRUE,Warning,TRUE,FALSE,检查码垛区进料是否卡料
LowerLargeMaterialStation,下大料工位,5,下大料位检测是否码垛区出料卡料,3,2201,Bit,5,FALSE,TRUE,FALSE,系统状态,2,Indicator,码垛区出料卡料,码垛区出料卡料检测,,,,,,码垛区出料卡料检测,TRUE,TRUE,Warning,TRUE,FALSE,检查码垛区出料是否卡料
LowerLargeMaterialStation,下大料工位,5,下大料位轴报错,3,2201,Bit,6,FALSE,TRUE,FALSE,系统状态,3,Indicator,轴报错,轴报错,,,,,,轴报错信号,TRUE,TRUE,Error,TRUE,TRUE,检查轴运行状态
LowerLargeMaterialStation,下大料工位,5,下大料位手动启动等待位,3,2201,Bit,7,TRUE,TRUE,TRUE,手动控制,7,ToggleButton,等待位,启动到等待位,,,,,,等待位控制,FALSE,TRUE,Error,FALSE,FALSE,
LowerLargeMaterialStation,下大料工位,5,下大料位检查放料区出料卡料,3,2202,Bit,0,FALSE,TRUE,FALSE,系统状态,4,Indicator,放料区出料卡料,放料区出料卡料,,,,,,放料区出料卡料检测,TRUE,TRUE,Warning,TRUE,FALSE,检查放料区出料是否卡料
LowerLargeMaterialStation,下大料工位,5,下大料位等待料盘位置,3,2204,Float,0,TRUE,TRUE,TRUE,位置参数,0,NumberInput,等待料盘位置,等待料盘位置设定值,,mm,2,-9999,9999,等待料盘位置参数,FALSE,TRUE,Error,FALSE,FALSE,
LowerLargeMaterialStation,下大料工位,5,下大料位顶升料盘码垛位置,3,2208,Float,0,TRUE,TRUE,TRUE,位置参数,1,NumberInput,顶升料盘码垛位置,顶升料盘码垛位置设定值,,mm,2,-9999,9999,顶升料盘码垛位置参数,FALSE,TRUE,Error,FALSE,FALSE,
LowerLargeMaterialStation,下大料工位,5,下大料位点动速度,3,2212,Float,0,TRUE,TRUE,TRUE,速度参数,0,NumberInput,点动速度,点动速度设定值,,mm/s,1,0,3000,点动速度参数,FALSE,TRUE,Error,FALSE,FALSE,
LowerLargeMaterialStation,下大料工位,5,下大料位当前位置,3,2216,Float,0,FALSE,TRUE,TRUE,状态反馈,0,NumberDisplay,当前位置,当前位置反馈值,,mm,2,-9999,9999,当前位置反馈,FALSE,TRUE,Error,FALSE,FALSE,
LowerLargeMaterialStation,下大料工位,5,下大料位绝对定位速度,3,2220,Float,0,TRUE,TRUE,TRUE,速度参数,1,NumberInput,绝对定位速度,绝对定位速度设定值,,mm/s,1,0,3000,绝对定位速度参数,FALSE,TRUE,Error,FALSE,FALSE,
LowerLargeMaterialStation,下大料工位,5,下大料位相对定位速度,3,2224,Float,0,TRUE,TRUE,TRUE,速度参数,2,NumberInput,相对定位速度,相对定位速度设定值,,mm/s,1,0,3000,相对定位速度参数,FALSE,TRUE,Error,FALSE,FALSE,
LowerLargeMaterialStation,下大料工位,5,下大料位等待位标志,3,2228,Bit,0,FALSE,TRUE,TRUE,状态反馈,1,Indicator,等待位到位,等待位标志,,,,,,等待位到位标志,FALSE,TRUE,Error,FALSE,FALSE,
LowerLargeMaterialStation,下大料工位,5,下大料位过料盘位置标志,3,2228,Bit,1,FALSE,TRUE,TRUE,状态反馈,2,Indicator,过料盘位到位,过料盘位置标志,,,,,,过料盘位到位标志,FALSE,TRUE,Error,FALSE,FALSE,
LowerLargeMaterialStation,下大料工位,5,下大料位顶升料盘码垛位置标志,3,2228,Bit,2,FALSE,TRUE,TRUE,状态反馈,3,Indicator,码垛位到位,顶升料盘码垛位置标志,,,,,,码垛位到位标志,FALSE,TRUE,Error,FALSE,FALSE,
LowerLargeMaterialStation,下大料工位,5,下大料位码垛最大数值,3,2230,Int16,0,TRUE,TRUE,TRUE,码垛参数,0,NumberInput,码垛最大数值,码垛最大数值设定,,个,0,0,100,码垛最大数值参数,FALSE,TRUE,Error,FALSE,FALSE,
LowerLargeMaterialStation,下大料工位,5,下大料位码垛完成,3,2228,Bit,3,FALSE,TRUE,FALSE,系统状态,5,Indicator,码垛完成,码垛完成,,,,,,码垛完成提示,TRUE,TRUE,Info,TRUE,FALSE,码垛已完成
LowerLargeMaterialStation,下大料工位,5,下大料位当前码垛数量,3,2232,Int16,0,TRUE,TRUE,TRUE,码垛参数,1,NumberInput,当前码垛数量,当前码垛数量,,个,0,0,100,当前码垛数量参数,FALSE,TRUE,Error,FALSE,FALSE,
LowerLargeMaterialStation,下大料工位,5,下大料位放料区到码垛区卡料,3,2228,Bit,4,FALSE,TRUE,FALSE,系统状态,6,Indicator,放料到码垛卡料,放料区到码垛区卡料,,,,,,放料到码垛卡料检测,TRUE,TRUE,Warning,TRUE,FALSE,检查放料到码垛是否卡料
LowerLargeMaterialStation,下大料工位,5,下大料位检查夹紧气缸是否有问题,3,2228,Bit,5,FALSE,TRUE,FALSE,系统状态,7,Indicator,夹紧气缸异常,夹紧气缸是否有问题,,,,,,夹紧气缸检测,TRUE,TRUE,Warning,TRUE,FALSE,检查夹紧气缸状态
LowerLargeMaterialStation,下大料工位,5,下大料位检查码垛区是否卡料,3,2228,Bit,6,FALSE,TRUE,FALSE,系统状态,8,Indicator,码垛区卡料,码垛区是否卡料,,,,,,码垛区卡料检测,TRUE,TRUE,Warning,TRUE,FALSE,检查码垛区是否卡料
LowerLargeMaterialStation,下大料工位,5,下大料推拉块物料已满,3,2228,Bit,7,FALSE,TRUE,FALSE,系统状态,9,Indicator,推拉块物料已满,推拉块物料已满,,,,,,推拉块已满提示,TRUE,TRUE,Info,TRUE,FALSE,推拉块物料已满
LowerLargeMaterialStation,下大料工位,5,下大料位码垛区出料卡料,3,2229,Bit,0,FALSE,TRUE,FALSE,系统状态,10,Indicator,码垛区出料卡料2,码垛区出料卡料,,,,,,码垛区出料卡料检测2,TRUE,TRUE,Warning,TRUE,FALSE,检查码垛区出料是否卡料
LowerLargeMaterialStation,下大料工位,5,下大料位推拉块处卡料,3,2229,Bit,1,FALSE,TRUE,FALSE,系统状态,11,Indicator,推拉块处卡料,推拉块处卡料,,,,,,推拉块卡料检测,TRUE,TRUE,Warning,TRUE,FALSE,检查推拉块是否卡料
LowerLargeMaterialStation,下大料工位,5,下大料位手动码垛出料,3,2229,Bit,2,TRUE,TRUE,TRUE,手动控制,8,ToggleButton,手动码垛出料,手动码垛出料,,,,,,手动码垛出料控制,FALSE,TRUE,Error,FALSE,FALSE,
LowerLargeMaterialStation,下大料工位,5,下大料位推拉块出卡料,3,2229,Bit,3,FALSE,TRUE,FALSE,系统状态,12,Indicator,推拉块出卡料,推拉块出卡料,,,,,,推拉块出卡料检测,TRUE,TRUE,Warning,TRUE,FALSE,检查推拉块出料是否卡料
LowerLargeMaterialStation,下大料工位,5,大料掉落提前拍照,3,70,Bit,1,FALSE,TRUE,FALSE,系统状态,12,Indicator,大料掉落提前拍照,大料掉落提前拍照,,,,,,大料掉落提前拍照,FALSE,FALSE,Info,FALSE,FALSE,大料掉落提前拍照
LowerSmallMaterialStation,下小料工位,6,下小料位正点动,3,2300,Bit,0,TRUE,TRUE,TRUE,点动控制,0,JogButton,正点动,正向点动(按住触发),,,,,,正向点动控制,FALSE,TRUE,Error,FALSE,FALSE,
LowerSmallMaterialStation,下小料工位,6,下小料位负点动,3,2300,Bit,1,TRUE,TRUE,TRUE,点动控制,1,JogButton,负点动,负向点动(按住触发),,,,,,负向点动控制,FALSE,TRUE,Error,FALSE,FALSE,
LowerSmallMaterialStation,下小料工位,6,下小料位使能关,3,2300,Bit,2,TRUE,TRUE,TRUE,使能控制,0,ToggleButton,使能开关,使能开关,,,,,,使能控制开关,FALSE,TRUE,Error,FALSE,FALSE,
LowerSmallMaterialStation,下小料工位,6,下小料位使能完成,3,2300,Bit,3,FALSE,TRUE,TRUE,使能控制,1,Indicator,使能完成,使能完成标志,,,,,,使能完成反馈,FALSE,TRUE,Error,FALSE,FALSE,
LowerSmallMaterialStation,下小料工位,6,下小料位未回原点标志,3,2300,Bit,4,FALSE,TRUE,FALSE,系统状态,0,Indicator,回原点完成,回原点完成,,,,,,回原点状态,TRUE,FALSE,Warning,FALSE,FALSE,检查回原点状态
LowerSmallMaterialStation,下小料工位,6,下小料位手动回原点,3,2300,Bit,5,TRUE,TRUE,TRUE,手动控制,0,JogButton,手动回原点,手动回原点(按住触发),,,,,,手动回原点控制,FALSE,TRUE,Error,FALSE,FALSE,
LowerSmallMaterialStation,下小料工位,6,下小料位手动启动推拉块电机,3,2300,Bit,6,TRUE,TRUE,TRUE,手动控制,1,ToggleButton,推拉块电机,启动推拉块电机,,,,,,推拉块电机控制,FALSE,TRUE,Error,FALSE,FALSE,
LowerSmallMaterialStation,下小料工位,6,下小料位手动启动料盘码垛区电机,3,2300,Bit,7,TRUE,TRUE,TRUE,手动控制,2,ToggleButton,料盘码垛区电机,启动料盘码垛区电机,,,,,,码垛区电机控制,FALSE,TRUE,Error,FALSE,FALSE,
LowerSmallMaterialStation,下小料工位,6,下小料位手动启动送料盘到码垛区电机,3,2301,Bit,0,TRUE,TRUE,TRUE,手动控制,3,ToggleButton,送料到码垛区,启动送料盘到码垛区电机,,,,,,送料电机控制,FALSE,TRUE,Error,FALSE,FALSE,
LowerSmallMaterialStation,下小料工位,6,下小料位手动启动气缸,3,2301,Bit,1,TRUE,TRUE,TRUE,手动控制,4,ToggleButton,气缸控制,启动气缸,,,,,,气缸控制,FALSE,TRUE,Error,FALSE,FALSE,
LowerSmallMaterialStation,下小料工位,6,下小料位手动启动过料盘位,3,2301,Bit,2,TRUE,TRUE,TRUE,手动控制,5,ToggleButton,过料盘位,启动过料盘位,,,,,,过料盘位控制,FALSE,TRUE,Error,FALSE,FALSE,
LowerSmallMaterialStation,下小料工位,6,下小料位手动启动顶升料盘码垛位,3,2301,Bit,3,TRUE,TRUE,TRUE,手动控制,6,ToggleButton,顶升料盘码垛位,启动顶升料盘码垛位,,,,,,码垛位控制,FALSE,TRUE,Error,FALSE,FALSE,
LowerSmallMaterialStation,下小料工位,6,下小料位检查码垛区电机进料卡料,3,2301,Bit,4,FALSE,TRUE,FALSE,系统状态,1,Indicator,码垛区进料卡料,码垛区电机进料卡料,,,,,,码垛区进料卡料检测,TRUE,TRUE,Warning,TRUE,FALSE,检查码垛区进料是否卡料
LowerSmallMaterialStation,下小料工位,6,下小料位检测是否码垛区出料卡料,3,2301,Bit,5,FALSE,TRUE,FALSE,系统状态,2,Indicator,码垛区出料卡料,码垛区出料卡料检测,,,,,,码垛区出料卡料检测,TRUE,TRUE,Warning,TRUE,FALSE,检查码垛区出料是否卡料
LowerSmallMaterialStation,下小料工位,6,下小料位轴报错,3,2301,Bit,6,FALSE,TRUE,FALSE,系统状态,3,Indicator,轴报错,轴报错,,,,,,轴报错信号,TRUE,TRUE,Error,TRUE,TRUE,检查轴运行状态
LowerSmallMaterialStation,下小料工位,6,下小料位手动启动等待位,3,2301,Bit,7,TRUE,TRUE,TRUE,手动控制,7,ToggleButton,等待位,启动到等待位,,,,,,等待位控制,FALSE,TRUE,Error,FALSE,FALSE,
LowerSmallMaterialStation,下小料工位,6,下小料位检查放料区出料卡料,3,2302,Bit,0,FALSE,TRUE,FALSE,系统状态,4,Indicator,放料区出料卡料,放料区出料卡料,,,,,,放料区出料卡料检测,TRUE,TRUE,Warning,TRUE,FALSE,检查放料区出料是否卡料
LowerSmallMaterialStation,下小料工位,6,下小料位等待料盘位置,3,2304,Float,0,TRUE,TRUE,TRUE,位置参数,0,NumberInput,等待料盘位置,等待料盘位置设定值,,mm,2,-9999,9999,等待料盘位置参数,FALSE,TRUE,Error,FALSE,FALSE,
LowerSmallMaterialStation,下小料工位,6,下小料位顶升料盘码垛位置,3,2308,Float,0,TRUE,TRUE,TRUE,位置参数,1,NumberInput,顶升料盘码垛位置,顶升料盘码垛位置设定值,,mm,2,-9999,9999,顶升料盘码垛位置参数,FALSE,TRUE,Error,FALSE,FALSE,
LowerSmallMaterialStation,下小料工位,6,下小料位点动速度,3,2312,Float,0,TRUE,TRUE,TRUE,速度参数,0,NumberInput,点动速度,点动速度设定值,,mm/s,1,0,3000,点动速度参数,FALSE,TRUE,Error,FALSE,FALSE,
LowerSmallMaterialStation,下小料工位,6,下小料位当前位置,3,2316,Float,0,FALSE,TRUE,TRUE,状态反馈,0,NumberDisplay,当前位置,当前位置反馈值,,mm,2,-9999,9999,当前位置反馈,FALSE,TRUE,Error,FALSE,FALSE,
LowerSmallMaterialStation,下小料工位,6,下小料位绝对定位速度,3,2320,Float,0,TRUE,TRUE,TRUE,速度参数,1,NumberInput,绝对定位速度,绝对定位速度设定值,,mm/s,1,0,3000,绝对定位速度参数,FALSE,TRUE,Error,FALSE,FALSE,
LowerSmallMaterialStation,下小料工位,6,下小料位相对定位速度,3,2324,Float,0,TRUE,TRUE,TRUE,速度参数,2,NumberInput,相对定位速度,相对定位速度设定值,,mm/s,1,0,3000,相对定位速度参数,FALSE,TRUE,Error,FALSE,FALSE,
LowerSmallMaterialStation,下小料工位,6,下小料位等待位标志,3,2328,Bit,0,FALSE,TRUE,TRUE,状态反馈,1,Indicator,等待位到位,等待位标志,,,,,,等待位到位标志,FALSE,TRUE,Error,FALSE,FALSE,
LowerSmallMaterialStation,下小料工位,6,下小料位过料盘位置标志,3,2328,Bit,1,FALSE,TRUE,TRUE,状态反馈,2,Indicator,过料盘位到位,过料盘位置标志,,,,,,过料盘位到位标志,FALSE,TRUE,Error,FALSE,FALSE,
LowerSmallMaterialStation,下小料工位,6,下小料位顶升料盘码垛位置标志,3,2328,Bit,2,FALSE,TRUE,TRUE,状态反馈,3,Indicator,码垛位到位,顶升料盘码垛位置标志,,,,,,码垛位到位标志,FALSE,TRUE,Error,FALSE,FALSE,
LowerSmallMaterialStation,下小料工位,6,下小料位码垛最大数值,3,2330,Int16,0,TRUE,TRUE,TRUE,码垛参数,0,NumberInput,码垛最大数值,码垛最大数值设定,,个,0,0,100,码垛最大数值参数,FALSE,TRUE,Error,FALSE,FALSE,
LowerSmallMaterialStation,下小料工位,6,下小料位码垛完成,3,2332,Bit,0,FALSE,TRUE,TRUE,状态反馈,4,Indicator,码垛完成,码垛完成,,,,,,码垛完成标志,FALSE,TRUE,Error,FALSE,FALSE,
LowerSmallMaterialStation,下小料工位,6,下小料位当前码垛数量,3,2334,Int16,0,TRUE,TRUE,TRUE,码垛参数,1,NumberInput,当前码垛数量,当前码垛数量,,个,0,0,100,当前码垛数量参数,FALSE,TRUE,Error,FALSE,FALSE,
LowerSmallMaterialStation,下小料工位,6,下小料位放料区到码垛区卡料,3,2336,Bit,0,FALSE,TRUE,FALSE,系统状态,5,Indicator,放料到码垛卡料,放料区到码垛区卡料,,,,,,放料到码垛卡料检测,TRUE,TRUE,Warning,TRUE,FALSE,检查放料到码垛是否卡料
LowerSmallMaterialStation,下小料工位,6,下小料位检查夹紧气缸是否有问题,3,2336,Bit,1,FALSE,TRUE,FALSE,系统状态,6,Indicator,夹紧气缸异常,夹紧气缸是否有问题,,,,,,夹紧气缸检测,TRUE,TRUE,Warning,TRUE,FALSE,检查夹紧气缸状态
LowerSmallMaterialStation,下小料工位,6,下小料位检查码垛区是否卡料,3,2336,Bit,2,FALSE,TRUE,FALSE,系统状态,7,Indicator,码垛区卡料,码垛区是否卡料,,,,,,码垛区卡料检测,TRUE,TRUE,Warning,TRUE,FALSE,检查码垛区是否卡料
LowerSmallMaterialStation,下小料工位,6,下小料推拉块物料已满,3,2336,Bit,3,FALSE,TRUE,FALSE,系统状态,8,Indicator,推拉块物料已满,推拉块物料已满,,,,,,推拉块已满提示,TRUE,TRUE,Info,TRUE,FALSE,推拉块物料已满
LowerSmallMaterialStation,下小料工位,6,下小料位码垛区出料卡料,3,2336,Bit,4,FALSE,TRUE,FALSE,系统状态,9,Indicator,码垛区出料卡料2,码垛区出料卡料,,,,,,码垛区出料卡料检测2,TRUE,TRUE,Warning,TRUE,FALSE,检查码垛区出料是否卡料
LowerSmallMaterialStation,下小料工位,6,下小料位推拉块处卡料,3,2336,Bit,5,FALSE,TRUE,FALSE,系统状态,10,Indicator,推拉块处卡料,推拉块处卡料,,,,,,推拉块卡料检测,TRUE,TRUE,Warning,TRUE,FALSE,检查推拉块是否卡料
LowerSmallMaterialStation,下小料工位,6,下小料位手动码垛出料,3,2336,Bit,6,TRUE,TRUE,TRUE,点动控制,11,JogButton,手动码垛出料,手动码垛出料,,,,,,手动码垛出料提示,TRUE,TRUE,Info,TRUE,FALSE,手动码垛出料中
LowerSmallMaterialStation,下小料工位,6,下小料位推拉块出卡料,3,2336,Bit,7,FALSE,TRUE,FALSE,系统状态,12,Indicator,推拉块出卡料,推拉块出卡料,,,,,,推拉块出卡料检测,TRUE,TRUE,Warning,TRUE,FALSE,检查推拉块出料是否卡料
SmallTrayFeedingXAxis,小料盘放料X轴,3,小料盘放料X轴负点动,3,2500,Bit,0,TRUE,TRUE,TRUE,点动控制,1,JogButton,负点动,X轴负向点动(按住触发),,,,,,负向点动控制,FALSE,TRUE,Error,FALSE,FALSE,
SmallTrayFeedingXAxis,小料盘放料X轴,3,小料盘放料X轴正点动,3,2500,Bit,1,TRUE,TRUE,TRUE,点动控制,0,JogButton,正点动,X轴正向点动(按住触发),,,,,,正向点动控制,FALSE,TRUE,Error,FALSE,FALSE,
SmallTrayFeedingXAxis,小料盘放料X轴,3,小料盘放料X轴使能关,3,2500,Bit,2,TRUE,TRUE,TRUE,使能控制,0,ToggleButton,使能开关,X轴使能开关,,,,,,使能控制开关,FALSE,TRUE,Error,FALSE,FALSE,
SmallTrayFeedingXAxis,小料盘放料X轴,3,小料盘放料X轴报警标志,3,2500,Bit,3,FALSE,TRUE,FALSE,系统状态,0,Indicator,报警标志,报警标志,,,,,,报警标志位,TRUE,TRUE,Error,TRUE,TRUE,检查设备状态并排除故障
SmallTrayFeedingXAxis,小料盘放料X轴,3,小料盘放料X轴使能完成,3,2500,Bit,4,FALSE,TRUE,TRUE,使能控制,1,Indicator,使能完成,X轴使能完成标志,,,,,,使能完成反馈,FALSE,TRUE,Error,FALSE,FALSE,
SmallTrayFeedingXAxis,小料盘放料X轴,3,小料盘放料X轴运行速度,3,2550,Int16,0,TRUE,TRUE,TRUE,速度参数,0,NumberInput,运行速度,X轴运行速度设定值,,mm/s,0,0,3000,运行速度参数,FALSE,TRUE,Error,FALSE,FALSE,
SmallTrayFeedingXAxis,小料盘放料X轴,3,小料盘放料X轴运行倍率,3,2552,Int16,0,TRUE,TRUE,TRUE,速度参数,1,NumberInput,运行倍率,X轴运行倍率设定值,,%,0,0,200,运行倍率参数,FALSE,TRUE,Error,FALSE,FALSE,
SmallTrayFeedingXAxis,小料盘放料X轴,3,小料盘放料X轴当前位置,3,2554,Float,0,FALSE,TRUE,TRUE,状态标志,0,NumberDisplay,当前位置,X轴当前实际位置反馈值,,mm,2,-9999,9999,当前位置反馈,FALSE,TRUE,Error,FALSE,FALSE,
SmallTrayFeedingXAxis,小料盘放料X轴,3,小料盘放料X轴手动启动初始放料位,3,2500,Bit,5,TRUE,TRUE,TRUE,手动启动,0,JogButton,启动初始放料位,启动到初始放料位(按住触发),,,,,,手动启动到初始放料位,FALSE,TRUE,Error,FALSE,FALSE,
SmallTrayFeedingXAxis,小料盘放料X轴,3,小料盘放料X轴手动启动出料位,3,2500,Bit,6,TRUE,TRUE,TRUE,手动启动,1,JogButton,启动出料位,启动到出料位(按住触发),,,,,,手动启动到出料位,FALSE,TRUE,Error,FALSE,FALSE,
SmallTrayFeedingXAxis,小料盘放料X轴,3,小料盘放料X轴初始放料位,3,2558,Float,0,TRUE,TRUE,TRUE,位置参数,0,NumberInput,初始放料位,初始放料位置设定值,,mm,2,-9999,9999,初始放料位参数,FALSE,TRUE,Error,FALSE,FALSE,
SmallTrayFeedingXAxis,小料盘放料X轴,3,小料盘放料X轴出料位,3,2562,Float,0,TRUE,TRUE,TRUE,位置参数,1,NumberInput,出料位,出料位置设定值,,mm,2,-9999,9999,出料位参数,FALSE,TRUE,Error,FALSE,FALSE,
SmallTrayFeedingXAxis,小料盘放料X轴,3,小料盘放料X轴急停指示,3,2500,Bit,7,FALSE,TRUE,FALSE,系统状态,1,Indicator,急停指示,急停指示,,,,,,急停状态,TRUE,TRUE,Critical,TRUE,TRUE,解除急停后重新启动
SmallTrayFeedingXAxis,小料盘放料X轴,3,小料盘放料X轴寸动,3,2501,Bit,0,TRUE,TRUE,TRUE,点动控制,2,JogButton,寸动,X轴寸动控制(按住触发),,,,,,寸动控制,FALSE,TRUE,Error,FALSE,FALSE,
SmallTrayFeedingXAxis,小料盘放料X轴,3,小料盘放料X轴伺服未准备好,3,2501,Bit,1,FALSE,TRUE,FALSE,系统状态,2,Indicator,伺服准备好,伺服准备好,,,,,,伺服就绪状态,TRUE,FALSE,Warning,FALSE,FALSE,检查伺服器连接
SmallTrayFeedingXAxis,小料盘放料X轴,3,小料盘放料X轴已到达正极限,3,2501,Bit,3,FALSE,TRUE,FALSE,系统状态,3,Indicator,已到达正极限,已到达正极限,,,,,,正极限状态,TRUE,TRUE,Error,TRUE,TRUE,停止设备并检查位置
SmallTrayFeedingXAxis,小料盘放料X轴,3,小料盘放料X轴已到达负极限,3,2501,Bit,4,FALSE,TRUE,FALSE,系统状态,4,Indicator,已到达负极限,已到达负极限,,,,,,负极限状态,TRUE,TRUE,Error,TRUE,TRUE,停止设备并检查位置
SmallTrayFeedingXAxis,小料盘放料X轴,3,小料盘放料X轴手动回原点,3,2501,Bit,5,TRUE,TRUE,TRUE,手动启动,2,JogButton,手动回原点,手动回原点(按住触发),,,,,,手动回原点控制,FALSE,TRUE,Error,FALSE,FALSE,
SmallTrayFeedingXAxis,小料盘放料X轴,3,小料盘放料X轴手动启动检测位,3,2501,Bit,6,TRUE,TRUE,TRUE,手动启动,3,JogButton,启动检测位,启动到检测位(按住触发),,,,,,手动启动到检测位,FALSE,TRUE,Error,FALSE,FALSE,
SmallTrayFeedingXAxis,小料盘放料X轴,3,小料盘放料X轴手动启动进料位,3,2501,Bit,7,TRUE,TRUE,TRUE,手动启动,4,JogButton,启动进料位,启动到进料位(按住触发),,,,,,手动启动到进料位,FALSE,TRUE,Error,FALSE,FALSE,
SmallTrayFeedingXAxis,小料盘放料X轴,3,小料盘放料X轴寸动距离,3,2566,Float,0,TRUE,TRUE,TRUE,位置参数,2,NumberInput,寸动距离,寸动距离设定值,,mm,2,0,1000,寸动距离参数,FALSE,TRUE,Error,FALSE,FALSE,
SmallTrayFeedingXAxis,小料盘放料X轴,3,小料盘放料X轴当前实际速度,3,2570,Float,0,FALSE,TRUE,TRUE,速度参数,2,NumberDisplay,当前实际速度,X轴当前实际速度反馈值,,mm/s,1,0,3000,当前速度反馈,FALSE,TRUE,Error,FALSE,FALSE,
SmallTrayFeedingXAxis,小料盘放料X轴,3,小料盘放料X轴点动运行速度,3,2574,Int16,0,TRUE,TRUE,TRUE,速度参数,3,NumberInput,点动运行速度,点动运行速度设定值,,mm/s,0,0,1000,点动运行速度参数,FALSE,TRUE,Error,FALSE,FALSE,
SmallTrayFeedingXAxis,小料盘放料X轴,3,小料盘放料X轴检测料盘方向位,3,2576,Float,0,TRUE,TRUE,TRUE,位置参数,3,NumberInput,检测料盘方向位,检测料盘方向位置设定值,,mm,2,-9999,9999,检测料盘方向位参数,FALSE,TRUE,Error,FALSE,FALSE,
SmallTrayFeedingXAxis,小料盘放料X轴,3,小料盘放料X轴进料位,3,2580,Float,0,TRUE,TRUE,TRUE,位置参数,4,NumberInput,进料位,进料位置设定值,,mm,2,-9999,9999,进料位参数,FALSE,TRUE,Error,FALSE,FALSE,
SmallTrayFeedingXAxis,小料盘放料X轴,3,小料盘放料X轴出料位标志,3,2502,Bit,0,FALSE,TRUE,TRUE,状态标志,1,Indicator,出料位到位,出料位到位标志位,,,,,,出料位到位标志,FALSE,TRUE,Error,FALSE,FALSE,
SmallTrayFeedingXAxis,小料盘放料X轴,3,小料盘放料X轴进位标志,3,2502,Bit,1,FALSE,TRUE,TRUE,状态标志,2,Indicator,进位到位,进位到位标志位,,,,,,进位到位标志,FALSE,TRUE,Error,FALSE,FALSE,
SmallTrayFeedingXAxis,小料盘放料X轴,3,小料盘放料X轴检测位标志,3,2502,Bit,2,FALSE,TRUE,TRUE,状态标志,3,Indicator,检测位到位,检测位到位标志位,,,,,,检测位到位标志,FALSE,TRUE,Error,FALSE,FALSE,
SmallTrayFeedingXAxis,小料盘放料X轴,3,小料盘放料X轴初始位标志,3,2502,Bit,3,FALSE,TRUE,TRUE,状态标志,4,Indicator,初始位到位,初始位到位标志位,,,,,,初始位到位标志,FALSE,TRUE,Error,FALSE,FALSE,
LargeTrayFeedingYAxis,大料盘放料Y轴,4,大料盘放料Y轴负点动,3,2800,Bit,0,TRUE,TRUE,TRUE,点动控制,1,JogButton,负点动,Y轴负向点动(按住触发),,,,,,负向点动控制,FALSE,TRUE,Error,FALSE,FALSE,
LargeTrayFeedingYAxis,大料盘放料Y轴,4,大料盘放料Y轴正点动,3,2800,Bit,1,TRUE,TRUE,TRUE,点动控制,0,JogButton,正点动,Y轴正向点动(按住触发),,,,,,正向点动控制,FALSE,TRUE,Error,FALSE,FALSE,
LargeTrayFeedingYAxis,大料盘放料Y轴,4,大料盘放料Y轴使能关,3,2800,Bit,2,TRUE,TRUE,TRUE,使能控制,0,ToggleButton,使能开关,Y轴使能开关,,,,,,使能控制开关,FALSE,TRUE,Error,FALSE,FALSE,
LargeTrayFeedingYAxis,大料盘放料Y轴,4,大料盘放料Y轴报警标志,3,2800,Bit,3,FALSE,TRUE,FALSE,系统状态,0,Indicator,报警标志,报警标志,,,,,,报警标志位,TRUE,TRUE,Error,TRUE,TRUE,检查设备状态并排除故障
LargeTrayFeedingYAxis,大料盘放料Y轴,4,大料盘放料Y轴使能完成,3,2800,Bit,4,FALSE,TRUE,TRUE,使能控制,1,Indicator,使能完成,Y轴使能完成标志,,,,,,使能完成反馈,FALSE,TRUE,Error,FALSE,FALSE,
LargeTrayFeedingYAxis,大料盘放料Y轴,4,大料盘放料Y轴运行速度,3,2802,Int16,0,TRUE,TRUE,TRUE,速度参数,0,NumberInput,运行速度,Y轴运行速度设定值,,mm/s,0,0,3000,运行速度参数,FALSE,TRUE,Error,FALSE,FALSE,
LargeTrayFeedingYAxis,大料盘放料Y轴,4,大料盘放料Y轴运行倍率,3,2804,Int16,0,TRUE,TRUE,TRUE,速度参数,1,NumberInput,运行倍率,Y轴运行倍率设定值,,%,0,0,200,运行倍率参数,FALSE,TRUE,Error,FALSE,FALSE,
LargeTrayFeedingYAxis,大料盘放料Y轴,4,大料盘放料Y轴当前位置,3,2806,Float,0,FALSE,TRUE,TRUE,状态标志,0,NumberDisplay,当前位置,Y轴当前实际位置反馈值,,mm,2,-9999,9999,当前位置反馈,FALSE,TRUE,Error,FALSE,FALSE,
LargeTrayFeedingYAxis,大料盘放料Y轴,4,大料盘放料Y轴手动启动初始放料位,3,2810,Bit,0,TRUE,TRUE,TRUE,手动启动,0,JogButton,启动初始放料位,启动到初始放料位(按住触发),,,,,,手动启动到初始放料位,FALSE,TRUE,Error,FALSE,FALSE,
LargeTrayFeedingYAxis,大料盘放料Y轴,4,大料盘放料Y轴手动启动出料位,3,2810,Bit,1,TRUE,TRUE,TRUE,手动启动,1,JogButton,启动出料位,启动到出料位(按住触发),,,,,,手动启动到出料位,FALSE,TRUE,Error,FALSE,FALSE,
LargeTrayFeedingYAxis,大料盘放料Y轴,4,大料盘放料Y轴初始放料位,3,2812,Float,0,TRUE,TRUE,TRUE,位置参数,0,NumberInput,初始放料位,初始放料位置设定值,,mm,2,-9999,9999,初始放料位参数,FALSE,TRUE,Error,FALSE,FALSE,
LargeTrayFeedingYAxis,大料盘放料Y轴,4,大料盘放料Y轴出料位,3,2816,Float,0,TRUE,TRUE,TRUE,位置参数,1,NumberInput,出料位,出料位置设定值,,mm,2,-9999,9999,出料位参数,FALSE,TRUE,Error,FALSE,FALSE,
LargeTrayFeedingYAxis,大料盘放料Y轴,4,大料盘放料Y轴急停指示,3,2820,Bit,0,FALSE,TRUE,FALSE,系统状态,1,Indicator,急停指示,急停指示,,,,,,急停状态,TRUE,TRUE,Critical,TRUE,TRUE,解除急停后重新启动
LargeTrayFeedingYAxis,大料盘放料Y轴,4,大料盘放料Y轴寸动,3,2820,Bit,1,TRUE,TRUE,TRUE,点动控制,2,JogButton,寸动,Y轴寸动控制(按住触发),,,,,,寸动控制,FALSE,TRUE,Error,FALSE,FALSE,
LargeTrayFeedingYAxis,大料盘放料Y轴,4,大料盘放料Y轴伺服未准备好,3,2820,Bit,2,FALSE,TRUE,FALSE,系统状态,2,Indicator,伺服准备好,伺服准备好,,,,,,伺服就绪状态,TRUE,FALSE,Warning,FALSE,FALSE,检查伺服器连接
LargeTrayFeedingYAxis,大料盘放料Y轴,4,大料盘放料Y轴已到达正极限,3,2820,Bit,3,FALSE,TRUE,FALSE,系统状态,3,Indicator,已到达正极限,已到达正极限,,,,,,正极限状态,TRUE,TRUE,Error,TRUE,TRUE,停止设备并检查位置
LargeTrayFeedingYAxis,大料盘放料Y轴,4,大料盘放料Y轴已到达负极限,3,2820,Bit,4,FALSE,TRUE,FALSE,系统状态,4,Indicator,已到达负极限,已到达负极限,,,,,,负极限状态,TRUE,TRUE,Error,TRUE,TRUE,停止设备并检查位置
LargeTrayFeedingYAxis,大料盘放料Y轴,4,大料盘放料Y轴手动回原点,3,2820,Bit,5,TRUE,TRUE,TRUE,手动启动,2,JogButton,手动回原点,手动回原点(按住触发),,,,,,手动回原点控制,FALSE,TRUE,Error,FALSE,FALSE,
LargeTrayFeedingYAxis,大料盘放料Y轴,4,大料盘放料Y轴手动启动检测位,3,2820,Bit,6,TRUE,TRUE,TRUE,手动启动,3,JogButton,启动检测位,启动到检测位(按住触发),,,,,,手动启动到检测位,FALSE,TRUE,Error,FALSE,FALSE,
LargeTrayFeedingYAxis,大料盘放料Y轴,4,大料盘放料Y轴手动启动进料位,3,2820,Bit,7,TRUE,TRUE,TRUE,手动启动,4,JogButton,启动进料位,启动到进料位(按住触发),,,,,,手动启动到进料位,FALSE,TRUE,Error,FALSE,FALSE,
LargeTrayFeedingYAxis,大料盘放料Y轴,4,大料盘放料Y轴寸动距离,3,2822,Float,0,TRUE,TRUE,TRUE,位置参数,2,NumberInput,寸动距离,寸动距离设定值,,mm,2,0,1000,寸动距离参数,FALSE,TRUE,Error,FALSE,FALSE,
LargeTrayFeedingYAxis,大料盘放料Y轴,4,大料盘放料Y轴当前实际速度,3,2826,Float,0,FALSE,TRUE,TRUE,速度参数,2,NumberDisplay,当前实际速度,Y轴当前实际速度反馈值,,mm/s,1,0,3000,当前速度反馈,FALSE,TRUE,Error,FALSE,FALSE,
LargeTrayFeedingYAxis,大料盘放料Y轴,4,大料盘放料Y轴点动运行速度,3,2830,Int16,0,TRUE,TRUE,TRUE,速度参数,3,NumberInput,点动运行速度,点动运行速度设定值,,mm/s,0,0,1000,点动运行速度参数,FALSE,TRUE,Error,FALSE,FALSE,
LargeTrayFeedingYAxis,大料盘放料Y轴,4,大料盘放料Y轴检测料盘方向位,3,2832,Float,0,TRUE,TRUE,TRUE,位置参数,3,NumberInput,检测料盘方向位,检测料盘方向位置设定值,,mm,2,-9999,9999,检测料盘方向位参数,FALSE,TRUE,Error,FALSE,FALSE,
LargeTrayFeedingYAxis,大料盘放料Y轴,4,大料盘放料Y轴进料位,3,2836,Float,0,TRUE,TRUE,TRUE,位置参数,4,NumberInput,进料位,进料位置设定值,,mm,2,-9999,9999,进料位参数,FALSE,TRUE,Error,FALSE,FALSE,
LargeTrayFeedingYAxis,大料盘放料Y轴,4,大料盘放料Y轴出料位标志,3,2840,Bit,0,FALSE,TRUE,TRUE,状态标志,1,Indicator,出料位到位,出料位到位标志位,,,,,,出料位到位标志,FALSE,TRUE,Error,FALSE,FALSE,
LargeTrayFeedingYAxis,大料盘放料Y轴,4,大料盘放料Y轴进位标志,3,2840,Bit,1,FALSE,TRUE,TRUE,状态标志,2,Indicator,进位到位,进位到位标志位,,,,,,进位到位标志,FALSE,TRUE,Error,FALSE,FALSE,
LargeTrayFeedingYAxis,大料盘放料Y轴,4,大料盘放料Y轴检测位标志,3,2840,Bit,2,FALSE,TRUE,TRUE,状态标志,3,Indicator,检测位到位,检测位到位标志位,,,,,,检测位到位标志,FALSE,TRUE,Error,FALSE,FALSE,
LargeTrayFeedingYAxis,大料盘放料Y轴,4,大料盘放料Y轴初始位标志,3,2840,Bit,3,FALSE,TRUE,TRUE,状态标志,4,Indicator,初始位到位,初始位到位标志位,,,,,,初始位到位标志,FALSE,TRUE,Error,FALSE,FALSE,
LargeTrayFeedingYAxis,大料盘放料Y轴,4,大料盘放料Y轴安全位标志,3,2840,Bit,4,FALSE,TRUE,TRUE,状态标志,5,Indicator,安全位到位,安全位到位标志位,,,,,,安全位到位标志,FALSE,TRUE,Error,FALSE,FALSE,
LargeTrayFeedingYAxis,大料盘放料Y轴,4,大料盘放料Y轴手动启动安全位,3,2840,Bit,5,TRUE,TRUE,TRUE,手动启动,5,JogButton,启动安全位,启动到安全位(按住触发),,,,,,手动启动到安全位,FALSE,TRUE,Error,FALSE,FALSE,
LargeTrayFeedingYAxis,大料盘放料Y轴,4,大料盘放料Y轴安全位,3,2842,Float,0,TRUE,TRUE,TRUE,位置参数,5,NumberInput,安全位,安全位置设定值,,mm,2,-9999,9999,安全位参数,FALSE,TRUE,Error,FALSE,FALSE,
SeedLoadingClampAxis,种子上料松夹具轴,7,种子上料松夹具轴负点动,3,2900,Bit,0,TRUE,TRUE,TRUE,点动控制,1,JogButton,负点动,负向点动(按住触发),,,,,,负向点动控制,FALSE,TRUE,Error,FALSE,FALSE,
SeedLoadingClampAxis,种子上料松夹具轴,7,种子上料松夹具轴正点动,3,2900,Bit,1,TRUE,TRUE,TRUE,点动控制,0,JogButton,正点动,正向点动(按住触发),,,,,,正向点动控制,FALSE,TRUE,Error,FALSE,FALSE,
SeedLoadingClampAxis,种子上料松夹具轴,7,种子上料松夹具轴使能关,3,2900,Bit,2,TRUE,TRUE,TRUE,使能控制,0,ToggleButton,使能开关,使能开关,,,,,,使能控制开关,FALSE,TRUE,Error,FALSE,FALSE,
SeedLoadingClampAxis,种子上料松夹具轴,7,种子上料松夹具轴报警标志,3,2900,Bit,3,FALSE,TRUE,FALSE,系统状态,0,Indicator,报警标志,报警标志,,,,,,报警标志位,TRUE,TRUE,Error,TRUE,TRUE,检查设备状态并排除故障
SeedLoadingClampAxis,种子上料松夹具轴,7,种子上料松夹具轴使能完成,3,2900,Bit,4,FALSE,TRUE,TRUE,使能控制,1,Indicator,使能完成,使能完成标志,,,,,,使能完成反馈,FALSE,TRUE,Error,FALSE,FALSE,
SeedLoadingClampAxis,种子上料松夹具轴,7,种子上料松夹具轴运行速度,3,2902,Int16,0,TRUE,TRUE,TRUE,速度参数,0,NumberInput,运行速度,运行速度设定值,,mm/s,0,0,3000,运行速度参数,FALSE,TRUE,Error,FALSE,FALSE,
SeedLoadingClampAxis,种子上料松夹具轴,7,种子上料松夹具轴运行倍率,3,2904,Int16,0,TRUE,TRUE,TRUE,速度参数,1,NumberInput,运行倍率,运行倍率设定值,,%,0,0,200,运行倍率参数,FALSE,TRUE,Error,FALSE,FALSE,
SeedLoadingClampAxis,种子上料松夹具轴,7,种子上料松夹具轴当前位置,3,2906,Float,0,FALSE,TRUE,TRUE,状态标志,0,NumberDisplay,当前位置,当前实际位置反馈值,,mm,2,-9999,9999,当前位置反馈,FALSE,TRUE,Error,FALSE,FALSE,
SeedLoadingClampAxis,种子上料松夹具轴,7,种子上料松夹具轴安全位,3,2910,Float,0,TRUE,TRUE,TRUE,位置参数,0,NumberInput,安全位,安全位置设定值,,mm,2,-9999,9999,安全位参数,FALSE,TRUE,Error,FALSE,FALSE,
SeedLoadingClampAxis,种子上料松夹具轴,7,种子上料松夹具轴工作位,3,2914,Float,0,TRUE,TRUE,TRUE,位置参数,1,NumberInput,工作位,工作位置设定值,,mm,2,-9999,9999,工作位参数,FALSE,TRUE,Error,FALSE,FALSE,
SeedLoadingClampAxis,种子上料松夹具轴,7,种子上料松夹具轴急停指示,3,2918,Bit,0,FALSE,TRUE,FALSE,系统状态,1,Indicator,急停指示,急停指示,,,,,,急停状态,TRUE,TRUE,Critical,TRUE,TRUE,解除急停后重新启动
SeedLoadingClampAxis,种子上料松夹具轴,7,种子上料松夹具轴寸动,3,2918,Bit,1,TRUE,TRUE,TRUE,点动控制,2,JogButton,寸动,寸动控制(按住触发),,,,,,寸动控制,FALSE,TRUE,Error,FALSE,FALSE,
SeedLoadingClampAxis,种子上料松夹具轴,7,种子上料松夹具轴伺服未准备好,3,2918,Bit,2,FALSE,TRUE,FALSE,系统状态,2,Indicator,伺服准备好,伺服准备好,,,,,,伺服就绪状态,TRUE,FALSE,Warning,FALSE,FALSE,检查伺服器连接
SeedLoadingClampAxis,种子上料松夹具轴,7,种子上料松夹具轴已到达正极限,3,2918,Bit,3,FALSE,TRUE,FALSE,系统状态,3,Indicator,已到达正极限,已到达正极限,,,,,,正极限状态,TRUE,TRUE,Error,TRUE,TRUE,停止设备并检查位置
SeedLoadingClampAxis,种子上料松夹具轴,7,种子上料松夹具轴已到达负极限,3,2918,Bit,4,FALSE,TRUE,FALSE,系统状态,4,Indicator,已到达负极限,已到达负极限,,,,,,负极限状态,TRUE,TRUE,Error,TRUE,TRUE,停止设备并检查位置
SeedLoadingClampAxis,种子上料松夹具轴,7,种子上料松夹具轴手动回原点,3,2918,Bit,5,TRUE,TRUE,TRUE,手动启动,0,JogButton,手动回原点,手动回原点(按住触发),,,,,,手动回原点控制,FALSE,TRUE,Error,FALSE,FALSE,
SeedLoadingClampAxis,种子上料松夹具轴,7,种子上料松夹具轴寸动距离,3,2920,Float,0,TRUE,TRUE,TRUE,位置参数,2,NumberInput,寸动距离,寸动距离设定值,,mm,2,0,1000,寸动距离参数,FALSE,TRUE,Error,FALSE,FALSE,
SeedLoadingClampAxis,种子上料松夹具轴,7,种子上料松夹具轴当前实际速度,3,2924,Float,0,FALSE,TRUE,TRUE,速度参数,2,NumberDisplay,当前实际速度,当前实际速度反馈值,,mm/s,1,0,3000,当前速度反馈,FALSE,TRUE,Error,FALSE,FALSE,
SeedLoadingClampAxis,种子上料松夹具轴,7,种子上料松夹具轴点动运行速度,3,2928,Int16,0,TRUE,TRUE,TRUE,速度参数,3,NumberInput,点动运行速度,点动运行速度设定值,,mm/s,0,0,1000,点动运行速度参数,FALSE,TRUE,Error,FALSE,FALSE,
SeedLoadingClampAxis,种子上料松夹具轴,7,种子上料松夹具轴手动启动安全位,3,2930,Bit,0,TRUE,TRUE,TRUE,手动启动,1,JogButton,启动安全位,启动到安全位(按住触发),,,,,,手动启动到安全位,FALSE,TRUE,Error,FALSE,FALSE,
SeedLoadingClampAxis,种子上料松夹具轴,7,种子上料松夹具轴手动启动工作位,3,2930,Bit,1,TRUE,TRUE,TRUE,手动启动,2,JogButton,启动工作位,启动到工作位(按住触发),,,,,,手动启动到工作位,FALSE,TRUE,Error,FALSE,FALSE,
SeedLoadingClampAxis,种子上料松夹具轴,7,种子上料松夹具轴安全位标志,3,2930,Bit,2,FALSE,TRUE,TRUE,状态标志,1,Indicator,安全位到位,安全位到位标志位,,,,,,安全位到位标志,FALSE,TRUE,Error,FALSE,FALSE,
SeedLoadingClampAxis,种子上料松夹具轴,7,种子上料松夹具轴工作位标志,3,2930,Bit,3,FALSE,TRUE,TRUE,状态标志,2,Indicator,工作位到位,工作位到位标志位,,,,,,工作位到位标志,FALSE,TRUE,Error,FALSE,FALSE,
SeedUnloadingClampAxis,种子下料松夹具轴,8,种子下料松夹具轴负点动,3,3000,Bit,0,TRUE,TRUE,TRUE,点动控制,1,JogButton,负点动,负向点动(按住触发),,,,,,负向点动控制,FALSE,TRUE,Error,FALSE,FALSE,
SeedUnloadingClampAxis,种子下料松夹具轴,8,种子下料松夹具轴正点动,3,3000,Bit,1,TRUE,TRUE,TRUE,点动控制,0,JogButton,正点动,正向点动(按住触发),,,,,,正向点动控制,FALSE,TRUE,Error,FALSE,FALSE,
SeedUnloadingClampAxis,种子下料松夹具轴,8,种子下料松夹具轴使能关,3,3000,Bit,2,TRUE,TRUE,TRUE,使能控制,0,ToggleButton,使能开关,使能开关,,,,,,使能控制开关,FALSE,TRUE,Error,FALSE,FALSE,
SeedUnloadingClampAxis,种子下料松夹具轴,8,种子下料松夹具轴报警标志,3,3000,Bit,3,FALSE,TRUE,FALSE,系统状态,0,Indicator,报警标志,报警标志,,,,,,报警标志位,TRUE,TRUE,Error,TRUE,TRUE,检查设备状态并排除故障
SeedUnloadingClampAxis,种子下料松夹具轴,8,种子下料松夹具轴使能完成,3,3000,Bit,4,FALSE,TRUE,TRUE,使能控制,1,Indicator,使能完成,使能完成标志,,,,,,使能完成反馈,FALSE,TRUE,Error,FALSE,FALSE,
SeedUnloadingClampAxis,种子下料松夹具轴,8,种子下料松夹具轴运行速度,3,3002,Int16,0,TRUE,TRUE,TRUE,速度参数,0,NumberInput,运行速度,运行速度设定值,,mm/s,0,0,3000,运行速度参数,FALSE,TRUE,Error,FALSE,FALSE,
SeedUnloadingClampAxis,种子下料松夹具轴,8,种子下料松夹具轴运行倍率,3,3004,Int16,0,TRUE,TRUE,TRUE,速度参数,1,NumberInput,运行倍率,运行倍率设定值,,%,0,0,200,运行倍率参数,FALSE,TRUE,Error,FALSE,FALSE,
SeedUnloadingClampAxis,种子下料松夹具轴,8,种子下料松夹具轴当前位置,3,3006,Float,0,FALSE,TRUE,TRUE,状态标志,0,NumberDisplay,当前位置,当前实际位置反馈值,,mm,2,-9999,9999,当前位置反馈,FALSE,TRUE,Error,FALSE,FALSE,
SeedUnloadingClampAxis,种子下料松夹具轴,8,种子下料松夹具轴安全位,3,3010,Float,0,TRUE,TRUE,TRUE,位置参数,0,NumberInput,安全位,安全位置设定值,,mm,2,-9999,9999,安全位参数,FALSE,TRUE,Error,FALSE,FALSE,
SeedUnloadingClampAxis,种子下料松夹具轴,8,种子下料松夹具轴工作位,3,3014,Float,0,TRUE,TRUE,TRUE,位置参数,1,NumberInput,工作位,工作位置设定值,,mm,2,-9999,9999,工作位参数,FALSE,TRUE,Error,FALSE,FALSE,
SeedUnloadingClampAxis,种子下料松夹具轴,8,种子下料松夹具轴急停指示,3,3018,Bit,0,FALSE,TRUE,FALSE,系统状态,1,Indicator,急停指示,急停指示,,,,,,急停状态,TRUE,TRUE,Critical,TRUE,TRUE,解除急停后重新启动
SeedUnloadingClampAxis,种子下料松夹具轴,8,种子下料松夹具轴寸动,3,3018,Bit,1,TRUE,TRUE,TRUE,点动控制,2,JogButton,寸动,寸动控制(按住触发),,,,,,寸动控制,FALSE,TRUE,Error,FALSE,FALSE,
SeedUnloadingClampAxis,种子下料松夹具轴,8,种子下料松夹具轴伺服未准备好,3,3018,Bit,2,FALSE,TRUE,FALSE,系统状态,2,Indicator,伺服准备好,伺服准备好,,,,,,伺服就绪状态,TRUE,FALSE,Warning,FALSE,FALSE,检查伺服器连接
SeedUnloadingClampAxis,种子下料松夹具轴,8,种子下料松夹具轴已到达正极限,3,3018,Bit,3,FALSE,TRUE,FALSE,系统状态,3,Indicator,已到达正极限,已到达正极限,,,,,,正极限状态,TRUE,TRUE,Error,TRUE,TRUE,停止设备并检查位置
SeedUnloadingClampAxis,种子下料松夹具轴,8,种子下料松夹具轴已到达负极限,3,3018,Bit,4,FALSE,TRUE,FALSE,系统状态,4,Indicator,已到达负极限,已到达负极限,,,,,,负极限状态,TRUE,TRUE,Error,TRUE,TRUE,停止设备并检查位置
SeedUnloadingClampAxis,种子下料松夹具轴,8,种子下料松夹具轴手动回原点,3,3018,Bit,5,TRUE,TRUE,TRUE,手动启动,0,JogButton,手动回原点,手动回原点(按住触发),,,,,,手动回原点控制,FALSE,TRUE,Error,FALSE,FALSE,
SeedUnloadingClampAxis,种子下料松夹具轴,8,种子下料松夹具轴寸动距离,3,3020,Float,0,TRUE,TRUE,TRUE,位置参数,2,NumberInput,寸动距离,寸动距离设定值,,mm,2,0,1000,寸动距离参数,FALSE,TRUE,Error,FALSE,FALSE,
SeedUnloadingClampAxis,种子下料松夹具轴,8,种子下料松夹具轴当前实际速度,3,3024,Float,0,FALSE,TRUE,TRUE,速度参数,2,NumberDisplay,当前实际速度,当前实际速度反馈值,,mm/s,1,0,3000,当前速度反馈,FALSE,TRUE,Error,FALSE,FALSE,
SeedUnloadingClampAxis,种子下料松夹具轴,8,种子下料松夹具轴点动运行速度,3,3028,Int16,0,TRUE,TRUE,TRUE,速度参数,3,NumberInput,点动运行速度,点动运行速度设定值,,mm/s,0,0,1000,点动运行速度参数,FALSE,TRUE,Error,FALSE,FALSE,
SeedUnloadingClampAxis,种子下料松夹具轴,8,种子下料松夹具轴手动启动安全位,3,3030,Bit,0,TRUE,TRUE,TRUE,手动启动,1,JogButton,启动安全位,启动到安全位(按住触发),,,,,,手动启动到安全位,FALSE,TRUE,Error,FALSE,FALSE,
SeedUnloadingClampAxis,种子下料松夹具轴,8,种子下料松夹具轴手动启动工作位,3,3030,Bit,1,TRUE,TRUE,TRUE,手动启动,2,JogButton,启动工作位,启动到工作位(按住触发),,,,,,手动启动到工作位,FALSE,TRUE,Error,FALSE,FALSE,
SeedUnloadingClampAxis,种子下料松夹具轴,8,种子下料松夹具轴安全位标志,3,3030,Bit,2,FALSE,TRUE,TRUE,状态标志,1,Indicator,安全位到位,安全位到位标志位,,,,,,安全位到位标志,FALSE,TRUE,Error,FALSE,FALSE,
SeedUnloadingClampAxis,种子下料松夹具轴,8,种子下料松夹具轴工作位标志,3,3030,Bit,3,FALSE,TRUE,TRUE,状态标志,2,Indicator,工作位到位,工作位到位标志位,,,,,,工作位到位标志,FALSE,TRUE,Error,FALSE,FALSE,
PhotoPositioningAxis,拍照定位轴,9,拍照定位轴负点动,3,3200,Bit,0,TRUE,TRUE,TRUE,点动控制,1,JogButton,负点动,负向点动(按住触发),,,,,,负向点动控制,FALSE,TRUE,Error,FALSE,FALSE,
PhotoPositioningAxis,拍照定位轴,9,拍照定位轴正点动,3,3200,Bit,1,TRUE,TRUE,TRUE,点动控制,0,JogButton,正点动,正向点动(按住触发),,,,,,正向点动控制,FALSE,TRUE,Error,FALSE,FALSE,
PhotoPositioningAxis,拍照定位轴,9,拍照定位轴使能关,3,3200,Bit,2,TRUE,TRUE,TRUE,使能控制,0,ToggleButton,使能开关,使能开关,,,,,,使能控制开关,FALSE,TRUE,Error,FALSE,FALSE,
PhotoPositioningAxis,拍照定位轴,9,拍照定位轴报警标志,3,3200,Bit,3,FALSE,TRUE,FALSE,系统状态,0,Indicator,报警标志,报警标志,,,,,,报警标志位,TRUE,TRUE,Error,TRUE,TRUE,检查设备状态并排除故障
PhotoPositioningAxis,拍照定位轴,9,拍照定位轴使能完成,3,3200,Bit,4,FALSE,TRUE,TRUE,使能控制,1,Indicator,使能完成,使能完成标志,,,,,,使能完成反馈,FALSE,TRUE,Error,FALSE,FALSE,
PhotoPositioningAxis,拍照定位轴,9,拍照定位轴运行速度,3,3202,Int16,0,TRUE,TRUE,TRUE,速度参数,0,NumberInput,运行速度,运行速度设定值,,mm/s,0,0,3000,运行速度参数,FALSE,TRUE,Error,FALSE,FALSE,
PhotoPositioningAxis,拍照定位轴,9,拍照定位轴运行倍率,3,3204,Int16,0,TRUE,TRUE,TRUE,速度参数,1,NumberInput,运行倍率,运行倍率设定值,,%,0,0,200,运行倍率参数,FALSE,TRUE,Error,FALSE,FALSE,
PhotoPositioningAxis,拍照定位轴,9,拍照定位轴当前位置,3,3206,Float,0,FALSE,TRUE,TRUE,状态标志,0,NumberDisplay,当前位置,当前实际位置反馈值,,mm,2,-9999,9999,当前位置反馈,FALSE,TRUE,Error,FALSE,FALSE,
PhotoPositioningAxis,拍照定位轴,9,拍照定位轴安全位,3,3210,Float,0,TRUE,TRUE,TRUE,位置参数,0,NumberInput,安全位,安全位置设定值,,mm,2,-9999,9999,安全位参数,FALSE,TRUE,Error,FALSE,FALSE,
PhotoPositioningAxis,拍照定位轴,9,拍照定位轴工作位,3,3214,Float,0,TRUE,TRUE,TRUE,位置参数,1,NumberInput,工作位,工作位置设定值,,mm,2,-9999,9999,工作位参数,FALSE,TRUE,Error,FALSE,FALSE,
PhotoPositioningAxis,拍照定位轴,9,拍照定位轴急停指示,3,3218,Bit,0,FALSE,TRUE,FALSE,系统状态,1,Indicator,急停指示,急停指示,,,,,,急停状态,TRUE,TRUE,Critical,TRUE,TRUE,解除急停后重新启动
PhotoPositioningAxis,拍照定位轴,9,拍照定位轴寸动,3,3218,Bit,1,TRUE,TRUE,TRUE,点动控制,2,JogButton,寸动,寸动控制(按住触发),,,,,,寸动控制,FALSE,TRUE,Error,FALSE,FALSE,
PhotoPositioningAxis,拍照定位轴,9,拍照定位轴伺服未准备好,3,3218,Bit,2,FALSE,TRUE,FALSE,系统状态,2,Indicator,伺服准备好,伺服准备好,,,,,,伺服就绪状态,TRUE,FALSE,Warning,FALSE,FALSE,检查伺服器连接
PhotoPositioningAxis,拍照定位轴,9,拍照定位轴已到达正极限,3,3218,Bit,3,FALSE,TRUE,FALSE,系统状态,3,Indicator,已到达正极限,已到达正极限,,,,,,正极限状态,TRUE,TRUE,Error,TRUE,TRUE,停止设备并检查位置
PhotoPositioningAxis,拍照定位轴,9,拍照定位轴已到达负极限,3,3218,Bit,4,FALSE,TRUE,FALSE,系统状态,4,Indicator,已到达负极限,已到达负极限,,,,,,负极限状态,TRUE,TRUE,Error,TRUE,TRUE,停止设备并检查位置
PhotoPositioningAxis,拍照定位轴,9,拍照定位轴手动回原点,3,3218,Bit,5,TRUE,TRUE,TRUE,手动启动,0,JogButton,手动回原点,手动回原点(按住触发),,,,,,手动回原点控制,FALSE,TRUE,Error,FALSE,FALSE,
PhotoPositioningAxis,拍照定位轴,9,拍照定位轴寸动距离,3,3220,Float,0,TRUE,TRUE,TRUE,位置参数,2,NumberInput,寸动距离,寸动距离设定值,,mm,2,0,1000,寸动距离参数,FALSE,TRUE,Error,FALSE,FALSE,
PhotoPositioningAxis,拍照定位轴,9,拍照定位轴当前实际速度,3,3224,Float,0,FALSE,TRUE,TRUE,速度参数,2,NumberDisplay,当前实际速度,当前实际速度反馈值,,mm/s,1,0,3000,当前速度反馈,FALSE,TRUE,Error,FALSE,FALSE,
PhotoPositioningAxis,拍照定位轴,9,拍照定位轴点动运行速度,3,3228,Int16,0,TRUE,TRUE,TRUE,速度参数,3,NumberInput,点动运行速度,点动运行速度设定值,,mm/s,0,0,1000,点动运行速度参数,FALSE,TRUE,Error,FALSE,FALSE,
PhotoPositioningAxis,拍照定位轴,9,拍照定位轴手动启动安全位,3,3230,Bit,0,TRUE,TRUE,TRUE,手动启动,1,JogButton,启动安全位,启动到安全位(按住触发),,,,,,手动启动到安全位,FALSE,TRUE,Error,FALSE,FALSE,
PhotoPositioningAxis,拍照定位轴,9,拍照定位轴手动启动工作位,3,3230,Bit,1,TRUE,TRUE,TRUE,手动启动,2,JogButton,启动工作位,启动到工作位(按住触发),,,,,,手动启动到工作位,FALSE,TRUE,Error,FALSE,FALSE,
PhotoPositioningAxis,拍照定位轴,9,拍照定位轴安全位标志,3,3230,Bit,2,FALSE,TRUE,TRUE,状态标志,1,Indicator,安全位到位,安全位到位标志位,,,,,,安全位到位标志,FALSE,TRUE,Error,FALSE,FALSE,
PhotoPositioningAxis,拍照定位轴,9,拍照定位轴工作位标志,3,3230,Bit,3,FALSE,TRUE,TRUE,状态标志,2,Indicator,工作位到位,工作位到位标志位,,,,,,工作位到位标志,FALSE,TRUE,Error,FALSE,FALSE,
LaserCuttingPositioningAxis,激光切割定位轴,10,激光切割定位轴负点动,3,3300,Bit,0,TRUE,TRUE,TRUE,点动控制,1,JogButton,负点动,负向点动(按住触发),,,,,,负向点动控制,FALSE,TRUE,Error,FALSE,FALSE,
LaserCuttingPositioningAxis,激光切割定位轴,10,激光切割定位轴正点动,3,3300,Bit,1,TRUE,TRUE,TRUE,点动控制,0,JogButton,正点动,正向点动(按住触发),,,,,,正向点动控制,FALSE,TRUE,Error,FALSE,FALSE,
LaserCuttingPositioningAxis,激光切割定位轴,10,激光切割定位轴使能关,3,3300,Bit,2,TRUE,TRUE,TRUE,使能控制,0,ToggleButton,使能开关,使能开关,,,,,,使能控制开关,FALSE,TRUE,Error,FALSE,FALSE,
LaserCuttingPositioningAxis,激光切割定位轴,10,激光切割定位轴报警标志,3,3300,Bit,3,FALSE,TRUE,FALSE,系统状态,0,Indicator,报警标志,报警标志,,,,,,报警标志位,TRUE,TRUE,Error,TRUE,TRUE,检查设备状态并排除故障
LaserCuttingPositioningAxis,激光切割定位轴,10,激光切割定位轴使能完成,3,3300,Bit,4,FALSE,TRUE,TRUE,使能控制,1,Indicator,使能完成,使能完成标志,,,,,,使能完成反馈,FALSE,TRUE,Error,FALSE,FALSE,
LaserCuttingPositioningAxis,激光切割定位轴,10,激光切割定位轴运行速度,3,3302,Int16,0,TRUE,TRUE,TRUE,速度参数,0,NumberInput,运行速度,运行速度设定值,,mm/s,0,0,3000,运行速度参数,FALSE,TRUE,Error,FALSE,FALSE,
LaserCuttingPositioningAxis,激光切割定位轴,10,激光切割定位轴运行倍率,3,3304,Int16,0,TRUE,TRUE,TRUE,速度参数,1,NumberInput,运行倍率,运行倍率设定值,,%,0,0,200,运行倍率参数,FALSE,TRUE,Error,FALSE,FALSE,
LaserCuttingPositioningAxis,激光切割定位轴,10,激光切割定位轴当前位置,3,3306,Float,0,FALSE,TRUE,TRUE,状态标志,0,NumberDisplay,当前位置,当前实际位置反馈值,,mm,2,-9999,9999,当前位置反馈,FALSE,TRUE,Error,FALSE,FALSE,
LaserCuttingPositioningAxis,激光切割定位轴,10,激光切割定位轴安全位,3,3310,Float,0,TRUE,TRUE,TRUE,位置参数,0,NumberInput,安全位,安全位置设定值,,mm,2,-9999,9999,安全位参数,FALSE,TRUE,Error,FALSE,FALSE,
LaserCuttingPositioningAxis,激光切割定位轴,10,激光切割定位轴工作位,3,3314,Float,0,TRUE,TRUE,TRUE,位置参数,1,NumberInput,工作位,工作位置设定值,,mm,2,-9999,9999,工作位参数,FALSE,TRUE,Error,FALSE,FALSE,
LaserCuttingPositioningAxis,激光切割定位轴,10,激光切割定位轴急停指示,3,3318,Bit,0,FALSE,TRUE,FALSE,系统状态,1,Indicator,急停指示,急停指示,,,,,,急停状态,TRUE,TRUE,Critical,TRUE,TRUE,解除急停后重新启动
LaserCuttingPositioningAxis,激光切割定位轴,10,激光切割定位轴寸动,3,3318,Bit,1,TRUE,TRUE,TRUE,点动控制,2,JogButton,寸动,寸动控制(按住触发),,,,,,寸动控制,FALSE,TRUE,Error,FALSE,FALSE,
LaserCuttingPositioningAxis,激光切割定位轴,10,激光切割定位轴伺服未准备好,3,3318,Bit,2,FALSE,TRUE,FALSE,系统状态,2,Indicator,伺服准备好,伺服准备好,,,,,,伺服就绪状态,TRUE,FALSE,Warning,FALSE,FALSE,检查伺服器连接
LaserCuttingPositioningAxis,激光切割定位轴,10,激光切割定位轴已到达正极限,3,3318,Bit,3,FALSE,TRUE,FALSE,系统状态,3,Indicator,已到达正极限,已到达正极限,,,,,,正极限状态,TRUE,TRUE,Error,TRUE,TRUE,停止设备并检查位置
LaserCuttingPositioningAxis,激光切割定位轴,10,激光切割定位轴已到达负极限,3,3318,Bit,4,FALSE,TRUE,FALSE,系统状态,4,Indicator,已到达负极限,已到达负极限,,,,,,负极限状态,TRUE,TRUE,Error,TRUE,TRUE,停止设备并检查位置
LaserCuttingPositioningAxis,激光切割定位轴,10,激光切割定位轴手动回原点,3,3318,Bit,5,TRUE,TRUE,TRUE,手动启动,0,JogButton,手动回原点,手动回原点(按住触发),,,,,,手动回原点控制,FALSE,TRUE,Error,FALSE,FALSE,
LaserCuttingPositioningAxis,激光切割定位轴,10,激光切割定位轴寸动距离,3,3320,Float,0,TRUE,TRUE,TRUE,位置参数,2,NumberInput,寸动距离,寸动距离设定值,,mm,2,0,1000,寸动距离参数,FALSE,TRUE,Error,FALSE,FALSE,
LaserCuttingPositioningAxis,激光切割定位轴,10,激光切割定位轴当前实际速度,3,3324,Float,0,FALSE,TRUE,TRUE,速度参数,2,NumberDisplay,当前实际速度,当前实际速度反馈值,,mm/s,1,0,3000,当前速度反馈,FALSE,TRUE,Error,FALSE,FALSE,
LaserCuttingPositioningAxis,激光切割定位轴,10,激光切割定位轴点动运行速度,3,3328,Int16,0,TRUE,TRUE,TRUE,速度参数,3,NumberInput,点动运行速度,点动运行速度设定值,,mm/s,0,0,1000,点动运行速度参数,FALSE,TRUE,Error,FALSE,FALSE,
LaserCuttingPositioningAxis,激光切割定位轴,10,激光切割定位轴手动启动安全位,3,3330,Bit,0,TRUE,TRUE,TRUE,手动启动,1,JogButton,启动安全位,启动到安全位(按住触发),,,,,,手动启动到安全位,FALSE,TRUE,Error,FALSE,FALSE,
LaserCuttingPositioningAxis,激光切割定位轴,10,激光切割定位轴手动启动工作位,3,3330,Bit,1,TRUE,TRUE,TRUE,手动启动,2,JogButton,启动工作位,启动到工作位(按住触发),,,,,,手动启动到工作位,FALSE,TRUE,Error,FALSE,FALSE,
LaserCuttingPositioningAxis,激光切割定位轴,10,激光切割定位轴安全位标志,3,3330,Bit,2,FALSE,TRUE,TRUE,状态标志,1,Indicator,安全位到位,安全位到位标志位,,,,,,安全位到位标志,FALSE,TRUE,Error,FALSE,FALSE,
LaserCuttingPositioningAxis,激光切割定位轴,10,激光切割定位轴工作位标志,3,3330,Bit,3,FALSE,TRUE,TRUE,状态标志,2,Indicator,工作位到位,工作位到位标志位,,,,,,工作位到位标志,FALSE,TRUE,Error,FALSE,FALSE,
InverterCommunication,变频器通讯地址,11,中大读出1,7,306,Int16,0,FALSE,TRUE,TRUE,中大读出参数,0,NumberDisplay,中大读出1,电机编号：1-1,,PRM,0,0,9999,电机1-1参数读出,FALSE,TRUE,Error,FALSE,FALSE,
InverterCommunication,变频器通讯地址,11,中大读出2,7,308,Int16,0,FALSE,TRUE,TRUE,中大读出参数,1,NumberDisplay,中大读出2,电机编号：2-1,,PRM,0,0,9999,电机2-1参数读出,FALSE,TRUE,Error,FALSE,FALSE,
InverterCommunication,变频器通讯地址,11,中大读出3,7,310,Int16,0,FALSE,TRUE,TRUE,中大读出参数,2,NumberDisplay,中大读出3,电机编号：3-1,,PRM,0,0,9999,电机3-1参数读出,FALSE,TRUE,Error,FALSE,FALSE,
InverterCommunication,变频器通讯地址,11,中大读出4,7,312,Int16,0,FALSE,TRUE,TRUE,中大读出参数,3,NumberDisplay,中大读出4,电机编号：4-1,,PRM,0,0,9999,电机4-1参数读出,FALSE,TRUE,Error,FALSE,FALSE,
InverterCommunication,变频器通讯地址,11,中大读出5,7,314,Int16,0,FALSE,TRUE,TRUE,中大读出参数,4,NumberDisplay,中大读出5,电机编号：5-1,,PRM,0,0,9999,电机5-1参数读出,FALSE,TRUE,Error,FALSE,FALSE,
InverterCommunication,变频器通讯地址,11,中大读出6,7,316,Int16,0,FALSE,TRUE,TRUE,中大读出参数,5,NumberDisplay,中大读出6,电机编号：6-1,,PRM,0,0,9999,电机6-1参数读出,FALSE,TRUE,Error,FALSE,FALSE,
InverterCommunication,变频器通讯地址,11,中大读出7,7,318,Int16,0,FALSE,TRUE,TRUE,中大读出参数,6,NumberDisplay,中大读出7,电机编号：7-1,,PRM,0,0,9999,电机7-1参数读出,FALSE,TRUE,Error,FALSE,FALSE,
InverterCommunication,变频器通讯地址,11,中大读出8,7,320,Int16,0,FALSE,TRUE,TRUE,中大读出参数,7,NumberDisplay,中大读出8,电机编号：8-1,,PRM,0,0,9999,电机8-1参数读出,FALSE,TRUE,Error,FALSE,FALSE,
InverterCommunication,变频器通讯地址,11,中大读出9,7,322,Int16,0,FALSE,TRUE,TRUE,中大读出参数,8,NumberDisplay,中大读出9,电机编号：9-1,,PRM,0,0,9999,电机9-1参数读出,FALSE,TRUE,Error,FALSE,FALSE,
InverterCommunication,变频器通讯地址,11,中大读出10,7,324,Int16,0,FALSE,TRUE,TRUE,中大读出参数,9,NumberDisplay,中大读出10,电机编号：10-1,,PRM,0,0,9999,电机10-1参数读出,FALSE,TRUE,Error,FALSE,FALSE,
InverterCommunication,变频器通讯地址,11,中大写入1,7,326,Int16,0,TRUE,TRUE,TRUE,中大写入参数,0,NumberInput,中大写入1,电机编号：1-1 2-1,,PRM,0,0,9999,电机1-1/2-1参数写入,FALSE,TRUE,Error,FALSE,FALSE,
InverterCommunication,变频器通讯地址,11,中大写入2,7,328,Int16,0,TRUE,TRUE,TRUE,中大写入参数,1,NumberInput,中大写入2,电机编号：3-1 4-1,,PRM,0,0,9999,电机3-1/4-1参数写入,FALSE,TRUE,Error,FALSE,FALSE,
InverterCommunication,变频器通讯地址,11,中大写入3,7,330,Int16,0,TRUE,TRUE,TRUE,中大写入参数,2,NumberInput,中大写入3,电机编号：5-1 6-1,,PRM,0,0,9999,电机5-1/6-1参数写入,FALSE,TRUE,Error,FALSE,FALSE,
InverterCommunication,变频器通讯地址,11,中大写入4,7,332,Int16,0,TRUE,TRUE,TRUE,中大写入参数,3,NumberInput,中大写入4,电机编号：7-1 8-1,,PRM,0,0,9999,电机7-1/8-1参数写入,FALSE,TRUE,Error,FALSE,FALSE,
InverterCommunication,变频器通讯地址,11,中大写入5,7,334,Int16,0,TRUE,TRUE,TRUE,中大写入参数,4,NumberInput,中大写入5,电机编号：9-1,,PRM,0,0,9999,电机9-1参数写入,FALSE,TRUE,Error,FALSE,FALSE,
InverterCommunication,变频器通讯地址,11,中大写入6,7,336,Int16,0,TRUE,TRUE,TRUE,中大写入参数,5,NumberInput,中大写入6,电机编号：10-1,,PRM,0,0,9999,电机10-1参数写入,FALSE,TRUE,Error,FALSE,FALSE,
InverterCommunication,变频器通讯地址,11,中大写入7,7,338,Int16,0,TRUE,TRUE,TRUE,中大写入参数,6,NumberInput,中大写入7,备用,,PRM,0,0,9999,备用写入1,FALSE,TRUE,Error,FALSE,FALSE,
InverterCommunication,变频器通讯地址,11,中大写入8,7,340,Int16,0,TRUE,TRUE,TRUE,中大写入参数,7,NumberInput,中大写入8,备用,,PRM,0,0,9999,备用写入2,FALSE,TRUE,Error,FALSE,FALSE,
InverterCommunication,变频器通讯地址,11,中大写入9,7,342,Int16,0,TRUE,TRUE,TRUE,中大写入参数,8,NumberInput,中大写入9,备用,,PRM,0,0,9999,备用写入3,FALSE,TRUE,Error,FALSE,FALSE,
InverterCommunication,变频器通讯地址,11,中大写入10,7,344,Int16,0,TRUE,TRUE,TRUE,中大写入参数,9,NumberInput,中大写入10,备用,,PRM,0,0,9999,备用写入4,FALSE,TRUE,Error,FALSE,FALSE,
InverterCommunication,变频器通讯地址,11,汇川读出1,7,346,Int16,0,FALSE,TRUE,TRUE,汇川读出参数,0,NumberDisplay,汇川读出1,电机编号：1-2,,HZ,0,0,9999,电机1-2参数读出,FALSE,TRUE,Error,FALSE,FALSE,
InverterCommunication,变频器通讯地址,11,汇川读出2,7,348,Int16,0,FALSE,TRUE,TRUE,汇川读出参数,1,NumberDisplay,汇川读出2,电机编号：2-2,,HZ,0,0,9999,电机2-2参数读出,FALSE,TRUE,Error,FALSE,FALSE,
InverterCommunication,变频器通讯地址,11,汇川读出3,7,350,Int16,0,FALSE,TRUE,TRUE,汇川读出参数,2,NumberDisplay,汇川读出3,电机编号：3-2,,HZ,0,0,9999,电机3-2参数读出,FALSE,TRUE,Error,FALSE,FALSE,
InverterCommunication,变频器通讯地址,11,汇川读出4,7,352,Int16,0,FALSE,TRUE,TRUE,汇川读出参数,3,NumberDisplay,汇川读出4,电机编号：4-2,,HZ,0,0,9999,电机4-2参数读出,FALSE,TRUE,Error,FALSE,FALSE,
InverterCommunication,变频器通讯地址,11,汇川读出5,7,354,Int16,0,FALSE,TRUE,TRUE,汇川读出参数,4,NumberDisplay,汇川读出5,电机编号：5-2,,HZ,0,0,9999,电机5-2参数读出,FALSE,TRUE,Error,FALSE,FALSE,
InverterCommunication,变频器通讯地址,11,汇川读出6,7,356,Int16,0,FALSE,TRUE,TRUE,汇川读出参数,5,NumberDisplay,汇川读出6,电机编号：6-2,,HZ,0,0,9999,电机6-2参数读出,FALSE,TRUE,Error,FALSE,FALSE,
InverterCommunication,变频器通讯地址,11,汇川读出7,7,358,Int16,0,FALSE,TRUE,TRUE,汇川读出参数,6,NumberDisplay,汇川读出7,备用,,HZ,0,0,9999,备用读出1,FALSE,TRUE,Error,FALSE,FALSE,
InverterCommunication,变频器通讯地址,11,汇川读出8,7,360,Int16,0,FALSE,TRUE,TRUE,汇川读出参数,7,NumberDisplay,汇川读出8,备用,,HZ,0,0,9999,备用读出2,FALSE,TRUE,Error,FALSE,FALSE,
InverterCommunication,变频器通讯地址,11,汇川读出9,7,362,Int16,0,FALSE,TRUE,TRUE,汇川读出参数,8,NumberDisplay,汇川读出9,备用,,HZ,0,0,9999,备用读出3,FALSE,TRUE,Error,FALSE,FALSE,
InverterCommunication,变频器通讯地址,11,汇川读出10,7,364,Int16,0,FALSE,TRUE,TRUE,汇川读出参数,9,NumberDisplay,汇川读出10,备用,,HZ,0,0,9999,备用读出4,FALSE,TRUE,Error,FALSE,FALSE,
InverterCommunication,变频器通讯地址,11,汇川写入1,7,406,Int16,0,TRUE,TRUE,TRUE,汇川写入参数,0,NumberInput,汇川写入1,电机编号：1-2,,HZ,0,0,9999,电机1-2参数写入,FALSE,TRUE,Error,FALSE,FALSE,
InverterCommunication,变频器通讯地址,11,汇川写入2,7,408,Int16,0,TRUE,TRUE,TRUE,汇川写入参数,1,NumberInput,汇川写入2,电机编号：2-2,,HZ,0,0,9999,电机2-2参数写入,FALSE,TRUE,Error,FALSE,FALSE,
InverterCommunication,变频器通讯地址,11,汇川写入3,7,410,Int16,0,TRUE,TRUE,TRUE,汇川写入参数,2,NumberInput,汇川写入3,电机编号：3-2,,HZ,0,0,9999,电机3-2参数写入,FALSE,TRUE,Error,FALSE,FALSE,
InverterCommunication,变频器通讯地址,11,汇川写入4,7,412,Int16,0,TRUE,TRUE,TRUE,汇川写入参数,3,NumberInput,汇川写入4,电机编号：4-2,,HZ,0,0,9999,电机4-2参数写入,FALSE,TRUE,Error,FALSE,FALSE,
InverterCommunication,变频器通讯地址,11,汇川写入5,7,414,Int16,0,TRUE,TRUE,TRUE,汇川写入参数,4,NumberInput,汇川写入5,电机编号：5-2,,HZ,0,0,9999,电机5-2参数写入,FALSE,TRUE,Error,FALSE,FALSE,
InverterCommunication,变频器通讯地址,11,汇川写入6,7,416,Int16,0,TRUE,TRUE,TRUE,汇川写入参数,5,NumberInput,汇川写入6,电机编号：6-2,,HZ,0,0,9999,电机6-2参数写入,FALSE,TRUE,Error,FALSE,FALSE,
InverterCommunication,变频器通讯地址,11,汇川写入7,7,418,Int16,0,TRUE,TRUE,TRUE,汇川写入参数,6,NumberInput,汇川写入7,备用,,HZ,0,0,9999,备用写入1,FALSE,TRUE,Error,FALSE,FALSE,
InverterCommunication,变频器通讯地址,11,汇川写入8,7,420,Int16,0,TRUE,TRUE,TRUE,汇川写入参数,7,NumberInput,汇川写入8,备用,,HZ,0,0,9999,备用写入2,FALSE,TRUE,Error,FALSE,FALSE,
InverterCommunication,变频器通讯地址,11,汇川写入9,7,422,Int16,0,TRUE,TRUE,TRUE,汇川写入参数,8,NumberInput,汇川写入9,备用,,HZ,0,0,9999,备用写入3,FALSE,TRUE,Error,FALSE,FALSE,
InverterCommunication,变频器通讯地址,11,汇川写入10,7,424,Int16,0,TRUE,TRUE,TRUE,汇川写入参数,9,NumberInput,汇川写入10,备用,,HZ,0,0,9999,备用写入4,FALSE,TRUE,Error,FALSE,FALSE,
InverterCommunication,变频器通讯地址,11,通讯打开,7,426,Bit,0,TRUE,TRUE,TRUE,通讯控制,0,ToggleButton,通讯打开,通讯打开控制,,,,,,通讯打开开关,FALSE,TRUE,Error,FALSE,FALSE,
InverterCommunication,变频器通讯地址,11,参数写入,7,426,Bit,1,TRUE,TRUE,TRUE,通讯控制,1,ToggleButton,参数写入,参数写入控制,,,,,,参数写入开关,FALSE,TRUE,Error,FALSE,FALSE,
CircularTrackAxis,环形导轨轴,12,环形导轨轴负点动,3,3100,Bit,0,TRUE,TRUE,TRUE,点动控制,1,JogButton,负点动,负向点动(按住触发),,,,,,负向点动控制,FALSE,TRUE,Error,FALSE,FALSE,
CircularTrackAxis,环形导轨轴,12,环形导轨轴正点动,3,3100,Bit,1,TRUE,TRUE,TRUE,点动控制,0,JogButton,正点动,正向点动(按住触发),,,,,,正向点动控制,FALSE,TRUE,Error,FALSE,FALSE,
CircularTrackAxis,环形导轨轴,12,环形导轨轴使能关,3,3100,Bit,2,TRUE,TRUE,TRUE,使能控制,0,ToggleButton,使能开关,使能开关,,,,,,使能控制开关,FALSE,TRUE,Error,FALSE,FALSE,
CircularTrackAxis,环形导轨轴,12,环形导轨轴报警标志,3,3100,Bit,3,FALSE,TRUE,FALSE,系统状态,0,Indicator,报警标志,报警标志,,,,,,报警标志位,TRUE,TRUE,Error,TRUE,TRUE,检查设备状态并排除故障
CircularTrackAxis,环形导轨轴,12,环形导轨轴使能完成,3,3100,Bit,4,FALSE,TRUE,TRUE,使能控制,1,Indicator,使能完成,使能完成标志,,,,,,使能完成反馈,FALSE,TRUE,Error,FALSE,FALSE,
CircularTrackAxis,环形导轨轴,12,环形导轨轴运行速度,3,3102,Int16,0,TRUE,TRUE,TRUE,速度参数,0,NumberInput,运行速度,运行速度设定值,,mm/s,0,0,3000,运行速度参数,FALSE,TRUE,Error,FALSE,FALSE,
CircularTrackAxis,环形导轨轴,12,环形导轨轴运行倍率,3,3104,Int16,0,TRUE,TRUE,TRUE,速度参数,1,NumberInput,运行倍率,运行倍率设定值,,%,0,0,200,运行倍率参数,FALSE,TRUE,Error,FALSE,FALSE,
CircularTrackAxis,环形导轨轴,12,环形导轨轴当前位置,3,3106,Float,0,FALSE,TRUE,TRUE,状态标志,0,NumberDisplay,当前位置,当前实际位置反馈值,,mm,2,-9999,9999,当前位置反馈,FALSE,TRUE,Error,FALSE,FALSE,
CircularTrackAxis,环形导轨轴,12,环形导轨轴急停指示,3,3110,Bit,0,FALSE,TRUE,FALSE,系统状态,1,Indicator,急停指示,急停指示,,,,,,急停状态,TRUE,TRUE,Critical,TRUE,TRUE,解除急停后重新启动
CircularTrackAxis,环形导轨轴,12,环形导轨轴手动工位移动,3,3110,Bit,1,TRUE,TRUE,TRUE,手动控制,0,JogButton,手动工位移动,手动工位移动(按住触发),,,,,,手动工位移动控制,FALSE,TRUE,Error,FALSE,FALSE,
CircularTrackAxis,环形导轨轴,12,环形导轨轴伺服未准备好,3,3110,Bit,2,FALSE,TRUE,FALSE,系统状态,2,Indicator,伺服准备好,伺服准备好,,,,,,伺服就绪状态,TRUE,FALSE,Warning,FALSE,FALSE,检查伺服器连接
CircularTrackAxis,环形导轨轴,12,环形导轨轴手动回原点,3,3110,Bit,3,TRUE,TRUE,TRUE,手动控制,1,JogButton,手动回原点,手动回原点(按住触发),,,,,,手动回原点控制,FALSE,TRUE,Error,FALSE,FALSE,
CircularTrackAxis,环形导轨轴,12,环形导轨轴寸动距离,3,3112,Float,0,TRUE,TRUE,TRUE,位置参数,0,NumberInput,寸动距离,寸动距离设定值,,mm,2,0,1000,寸动距离参数,FALSE,TRUE,Error,FALSE,FALSE,
CircularTrackAxis,环形导轨轴,12,环形导轨轴当前实际速度,3,3116,Float,0,FALSE,TRUE,TRUE,速度参数,2,NumberDisplay,当前实际速度,当前实际速度反馈值,,mm/s,1,0,3000,当前速度反馈,FALSE,TRUE,Error,FALSE,FALSE,
CircularTrackAxis,环形导轨轴,12,环形导轨轴点动运行速度,3,3120,Int16,0,TRUE,TRUE,TRUE,速度参数,3,NumberInput,点动运行速度,点动运行速度设定值,,mm/s,0,0,1000,点动运行速度参数,FALSE,TRUE,Error,FALSE,FALSE,
CircularTrackAxis,环形导轨轴,12,环形导轨轴已回原点标志,3,3122,Bit,0,FALSE,TRUE,TRUE,状态标志,1,Indicator,已回原点,已回原点标志,,,,,,已回原点标志,FALSE,TRUE,Error,FALSE,FALSE,
CircularTrackAxis,环形导轨轴,12,环形导轨轴安全标志,3,3122,Bit,1,TRUE,TRUE,TRUE,状态标志,2,ToggleButton,安全标志,安全标志控制,,,,,,安全标志开关,FALSE,TRUE,Error,FALSE,FALSE,
CircularTrackAxis,环形导轨轴,12,环形导轨轴回原点中,3,3122,Bit,2,FALSE,TRUE,FALSE,系统状态,3,Indicator,回原点中,回原点中,,,,,,回原点中提示,TRUE,TRUE,Warning,FALSE,FALSE,正在回原点
CircularTrackAxis,环形导轨轴,12,环形导轨轴移动超时,3,3122,Bit,3,FALSE,TRUE,FALSE,系统状态,4,Indicator,移动超时,移动超时,,,,,,移动超时提示,TRUE,TRUE,Warning,TRUE,FALSE,检查移动是否超时
TrayLayoutSystem,大小料盘摆盘,13,小料盘X间距,3,3400,Float,0,TRUE,TRUE,TRUE,小料盘参数,0,NumberInput,小料盘X间距,小料盘X方向间距,,mm,2,0,500,小料盘X间距参数,FALSE,TRUE,Error,FALSE,FALSE,
TrayLayoutSystem,大小料盘摆盘,13,小料盘Y间距,3,3404,Float,0,TRUE,TRUE,TRUE,小料盘参数,1,NumberInput,小料盘Y间距,小料盘Y方向间距,,mm,2,0,500,小料盘Y间距参数,FALSE,TRUE,Error,FALSE,FALSE,
TrayLayoutSystem,大小料盘摆盘,13,X最大值,3,3408,Int16,0,TRUE,TRUE,TRUE,小料盘参数,2,NumberInput,X最大值,X方向最大值,,个,0,0,100,X最大值参数,FALSE,TRUE,Error,FALSE,FALSE,
TrayLayoutSystem,大小料盘摆盘,13,Y最大值,3,3410,Int16,0,TRUE,TRUE,TRUE,小料盘参数,3,NumberInput,Y最大值,Y方向最大值,,个,0,0,100,Y最大值参数,FALSE,TRUE,Error,FALSE,FALSE,
TrayLayoutSystem,大小料盘摆盘,13,小料盘X移动点位,3,3412,Float,0,FALSE,TRUE,TRUE,小料盘状态,0,NumberDisplay,小料盘X移动点位,小料盘X移动目标点位,,mm,2,-9999,9999,小料盘X移动点位反馈,FALSE,TRUE,Error,FALSE,FALSE,
TrayLayoutSystem,大小料盘摆盘,13,小料盘Y移动点位,3,3416,Float,0,FALSE,TRUE,TRUE,小料盘状态,1,NumberDisplay,小料盘Y移动点位,小料盘Y移动目标点位,,mm,2,-9999,9999,小料盘Y移动点位反馈,FALSE,TRUE,Error,FALSE,FALSE,
TrayLayoutSystem,大小料盘摆盘,13,小料盘X摆盘当前值,3,3420,Int16,0,FALSE,TRUE,TRUE,小料盘状态,2,NumberDisplay,小料盘X摆盘当前值,小料盘X摆盘当前值,,个,0,0,100,小料盘X摆盘当前值反馈,FALSE,TRUE,Error,FALSE,FALSE,
TrayLayoutSystem,大小料盘摆盘,13,小料盘Y摆盘当前值,3,3422,Int16,0,FALSE,TRUE,TRUE,小料盘状态,3,NumberDisplay,小料盘Y摆盘当前值,小料盘Y摆盘当前值,,个,0,0,100,小料盘Y摆盘当前值反馈,FALSE,TRUE,Error,FALSE,FALSE,
TrayLayoutSystem,大小料盘摆盘,13,小料盘摆盘完成,3,3424,Bit,0,FALSE,TRUE,TRUE,小料盘状态,4,Indicator,小料盘摆盘完成,小料盘摆盘完成标志,,,,,,小料盘摆盘完成标志,FALSE,TRUE,Error,FALSE,FALSE,
TrayLayoutSystem,大小料盘摆盘,13,小料盘摆盘已准备好,3,3424,Bit,1,FALSE,TRUE,TRUE,小料盘状态,5,Indicator,小料盘摆盘已准备好,小料盘摆盘已准备好标志,,,,,,小料盘摆盘已准备好标志,FALSE,TRUE,Error,FALSE,FALSE,
TrayLayoutSystem,大小料盘摆盘,13,小料盘进出料流程,3,3426,Int16,0,FALSE,TRUE,TRUE,小料盘状态,6,NumberDisplay,小料盘进出料流程,小料盘进出料流程编号,,步,0,0,100,小料盘进出料流程反馈,FALSE,TRUE,Error,FALSE,FALSE,
TrayLayoutSystem,大小料盘摆盘,13,等待小料盘进料到位,3,3428,Bit,0,FALSE,TRUE,TRUE,小料盘状态,7,Indicator,等待小料盘进料到位,等待小料盘进料到位,,,,,,等待小料盘进料到位标志,FALSE,TRUE,Error,FALSE,FALSE,
TrayLayoutSystem,大小料盘摆盘,13,小料盘检测方向请求,3,3428,Bit,1,FALSE,TRUE,TRUE,小料盘状态,8,Indicator,小料盘检测方向请求,小料盘检测方向请求,,,,,,小料盘检测方向请求标志,FALSE,TRUE,Error,FALSE,FALSE,
TrayLayoutSystem,大小料盘摆盘,13,小料盘方向正确,3,3428,Bit,2,TRUE,TRUE,TRUE,小料盘状态,9,Indicator,小料盘方向正确,小料盘方向正确标志,,,,,,小料盘方向正确标志,FALSE,TRUE,Error,FALSE,FALSE,
TrayLayoutSystem,大小料盘摆盘,13,小料盘方向错误,3,3428,Bit,3,TRUE,TRUE,TRUE,小料盘状态,10,Indicator,小料盘方向错误,小料盘方向错误标志,,,,,,小料盘方向错误标志,FALSE,TRUE,Error,FALSE,FALSE,
TrayLayoutSystem,大小料盘摆盘,13,小料盘摆盘流程,3,3460,Int16,0,FALSE,TRUE,TRUE,小料盘状态,11,NumberDisplay,小料盘摆盘流程,小料盘摆盘流程编号,,步,0,0,100,小料盘摆盘流程反馈,FALSE,TRUE,Error,FALSE,FALSE,
TrayLayoutSystem,大小料盘摆盘,13,人工选择出料盘,3,3428,Bit,4,TRUE,TRUE,TRUE,小料盘控制,0,JogButton,人工选择出料盘,人工选择出料盘(按住触发),,,,,,人工选择出料盘控制,FALSE,TRUE,Error,FALSE,FALSE,
TrayLayoutSystem,大小料盘摆盘,13,小料盘请求扫码,3,3428,Bit,5,FALSE,TRUE,TRUE,小料盘状态,12,Indicator,小料盘请求扫码,小料盘请求扫码标志,,,,,,小料盘请求扫码标志,FALSE,TRUE,Error,FALSE,FALSE,
TrayLayoutSystem,大小料盘摆盘,13,调试模式,3,3428,Bit,6,TRUE,TRUE,TRUE,小料盘控制,1,ToggleButton,调试模式,调试模式开关,,,,,,调试模式开关,FALSE,TRUE,Error,FALSE,FALSE,
TrayLayoutSystem,大小料盘摆盘,13,小料盘单步启动,3,3428,Bit,7,TRUE,TRUE,TRUE,小料盘控制,2,JogButton,小料盘单步启动,小料盘单步启动(按住触发),,,,,,小料盘单步启动控制,FALSE,TRUE,Error,FALSE,FALSE,
TrayLayoutSystem,大小料盘摆盘,13,大料盘X间距,3,3430,Float,0,TRUE,TRUE,TRUE,大料盘参数,0,NumberInput,大料盘X间距,大料盘X方向间距,,mm,2,0,500,大料盘X间距参数,FALSE,TRUE,Error,FALSE,FALSE,
TrayLayoutSystem,大小料盘摆盘,13,大料盘Y间距,3,3434,Float,0,TRUE,TRUE,TRUE,大料盘参数,1,NumberInput,大料盘Y间距,大料盘Y方向间距,,mm,2,0,500,大料盘Y间距参数,FALSE,TRUE,Error,FALSE,FALSE,
TrayLayoutSystem,大小料盘摆盘,13,大料盘X移动点位,3,3438,Float,0,FALSE,TRUE,TRUE,大料盘状态,0,NumberDisplay,大料盘X移动点位,大料盘X移动目标点位,,mm,2,-9999,9999,大料盘X移动点位反馈,FALSE,TRUE,Error,FALSE,FALSE,
TrayLayoutSystem,大小料盘摆盘,13,大料盘Y移动点位,3,3442,Float,0,FALSE,TRUE,TRUE,大料盘状态,1,NumberDisplay,大料盘Y移动点位,大料盘Y移动目标点位,,mm,2,-9999,9999,大料盘Y移动点位反馈,FALSE,TRUE,Error,FALSE,FALSE,
TrayLayoutSystem,大小料盘摆盘,13,大料盘X摆盘当前值,3,3446,Int16,0,FALSE,TRUE,TRUE,大料盘状态,2,NumberDisplay,大料盘X摆盘当前值,大料盘X摆盘当前值,,个,0,0,100,大料盘X摆盘当前值反馈,FALSE,TRUE,Error,FALSE,FALSE,
TrayLayoutSystem,大小料盘摆盘,13,大料盘Y摆盘当前值,3,3448,Int16,0,FALSE,TRUE,TRUE,大料盘状态,3,NumberDisplay,大料盘Y摆盘当前值,大料盘Y摆盘当前值,,个,0,0,100,大料盘Y摆盘当前值反馈,FALSE,TRUE,Error,FALSE,FALSE,
TrayLayoutSystem,大小料盘摆盘,13,大料盘摆盘完成,3,3450,Bit,0,FALSE,TRUE,TRUE,大料盘状态,4,Indicator,大料盘摆盘完成,大料盘摆盘完成标志,,,,,,大料盘摆盘完成标志,FALSE,TRUE,Error,FALSE,FALSE,
TrayLayoutSystem,大小料盘摆盘,13,大料盘摆盘已准备好,3,3450,Bit,1,FALSE,TRUE,TRUE,大料盘状态,5,Indicator,大料盘摆盘已准备好,大料盘摆盘已准备好标志,,,,,,大料盘摆盘已准备好标志,FALSE,TRUE,Error,FALSE,FALSE,
TrayLayoutSystem,大小料盘摆盘,13,大料盘进出料流程,3,3452,Int16,0,FALSE,TRUE,TRUE,大料盘状态,6,NumberDisplay,大料盘进出料流程,大料盘进出料流程编号,,步,0,0,100,大料盘进出料流程反馈,FALSE,TRUE,Error,FALSE,FALSE,
TrayLayoutSystem,大小料盘摆盘,13,等待大料盘进料到位,3,3454,Bit,0,FALSE,TRUE,TRUE,大料盘状态,7,Indicator,等待大料盘进料到位,等待大料盘进料到位,,,,,,等待大料盘进料到位标志,FALSE,TRUE,Error,FALSE,FALSE,
TrayLayoutSystem,大小料盘摆盘,13,大料盘检测方向请求,3,3454,Bit,1,FALSE,TRUE,TRUE,大料盘状态,8,Indicator,大料盘检测方向请求,大料盘检测方向请求,,,,,,大料盘检测方向请求标志,FALSE,TRUE,Error,FALSE,FALSE,
TrayLayoutSystem,大小料盘摆盘,13,大料盘方向正确,3,3454,Bit,2,TRUE,TRUE,TRUE,大料盘状态,9,Indicator,大料盘方向正确,大料盘方向正确标志,,,,,,大料盘方向正确标志,FALSE,TRUE,Error,FALSE,FALSE,
TrayLayoutSystem,大小料盘摆盘,13,大料盘方向错误,3,3454,Bit,3,TRUE,TRUE,TRUE,大料盘状态,10,Indicator,大料盘方向错误,大料盘方向错误标志,,,,,,大料盘方向错误标志,FALSE,TRUE,Error,FALSE,FALSE,
TrayLayoutSystem,大小料盘摆盘,13,大料盘摆盘流程,3,3456,Int16,0,FALSE,TRUE,TRUE,大料盘状态,11,NumberDisplay,大料盘摆盘流程,大料盘摆盘流程编号,,步,0,0,100,大料盘摆盘流程反馈,FALSE,TRUE,Error,FALSE,FALSE,
TrayLayoutSystem,大小料盘摆盘,13,大料盘请求扫码,3,3458,Bit,0,FALSE,TRUE,TRUE,大料盘状态,12,Indicator,大料盘请求扫码,大料盘请求扫码标志,,,,,,大料盘请求扫码标志,FALSE,TRUE,Error,FALSE,FALSE,
TrayLayoutSystem,大小料盘摆盘,13,大料盘单步启动,3,3458,Bit,1,TRUE,TRUE,TRUE,大料盘控制,0,JogButton,大料盘单步启动,大料盘单步启动(按住触发),,,,,,大料盘单步启动控制,FALSE,TRUE,Error,FALSE,FALSE,
TrayLayoutSystem,大小料盘摆盘,13,大料盘丢失,3,3458,Bit,2,FALSE,TRUE,FALSE,系统状态,3,Indicator,大料盘丢失,大料盘丢失,,,,,,大料盘丢失,TRUE,TRUE,Warning,FALSE,FALSE,大料盘丢失
TrayLayoutSystem,大小料盘摆盘,13,小料盘丢失,3,3458,Bit,3,FALSE,TRUE,FALSE,系统状态,3,Indicator,小料盘丢失,小料盘丢失,,,,,,小料盘丢失,TRUE,TRUE,Warning,FALSE,FALSE,小料盘丢失
PLCIOAllocation,PLC IO分配表,14,上大料盘顶升轴上限,0,I0,Bit,0,FALSE,TRUE,TRUE,限位检测,0,Indicator,上大料盘顶升轴上限,上大料盘顶升轴上限位检测,,,,,,上大料盘顶升轴上限位信号,FALSE,TRUE,Error,FALSE,FALSE,
PLCIOAllocation,PLC IO分配表,14,上大料盘顶升轴下限,0,I0,Bit,1,FALSE,TRUE,TRUE,限位检测,1,Indicator,上大料盘顶升轴下限,上大料盘顶升轴下限位检测,,,,,,上大料盘顶升轴下限位信号,FALSE,TRUE,Error,FALSE,FALSE,
PLCIOAllocation,PLC IO分配表,14,下大料盘顶升轴上限,0,I0,Bit,2,FALSE,TRUE,TRUE,限位检测,2,Indicator,下大料盘顶升轴上限,下大料盘顶升轴上限位检测,,,,,,下大料盘顶升轴上限位信号,FALSE,TRUE,Error,FALSE,FALSE,
PLCIOAllocation,PLC IO分配表,14,下大料盘顶升轴下限,0,I0,Bit,3,FALSE,TRUE,TRUE,限位检测,3,Indicator,下大料盘顶升轴下限,下大料盘顶升轴下限位检测,,,,,,下大料盘顶升轴下限位信号,FALSE,TRUE,Error,FALSE,FALSE,
PLCIOAllocation,PLC IO分配表,14,上小料盘顶升轴上限,0,I0,Bit,4,FALSE,TRUE,TRUE,限位检测,4,Indicator,上小料盘顶升轴上限,上小料盘顶升轴上限位检测,,,,,,上小料盘顶升轴上限位信号,FALSE,TRUE,Error,FALSE,FALSE,
PLCIOAllocation,PLC IO分配表,14,上小料盘顶升轴下限,0,I0,Bit,5,FALSE,TRUE,TRUE,限位检测,5,Indicator,上小料盘顶升轴下限,上小料盘顶升轴下限位检测,,,,,,上小料盘顶升轴下限位信号,FALSE,TRUE,Error,FALSE,FALSE,
PLCIOAllocation,PLC IO分配表,14,下小料盘顶升轴上限,0,I0,Bit,6,FALSE,TRUE,TRUE,限位检测,6,Indicator,下小料盘顶升轴上限,下小料盘顶升轴上限位检测,,,,,,下小料盘顶升轴上限位信号,FALSE,TRUE,Error,FALSE,FALSE,
PLCIOAllocation,PLC IO分配表,14,下小料盘顶升轴下限,0,I0,Bit,7,FALSE,TRUE,TRUE,限位检测,7,Indicator,下小料盘顶升轴下限,下小料盘顶升轴下限位检测,,,,,,下小料盘顶升轴下限位信号,FALSE,TRUE,Error,FALSE,FALSE,
PLCIOAllocation,PLC IO分配表,14,环形运输轴原点,0,I1,Bit,0,FALSE,TRUE,TRUE,原点检测,0,Indicator,环形运输轴原点,环形运输轴原点检测,,,,,,环形运输轴原点信号,FALSE,TRUE,Error,FALSE,FALSE,
PLCIOAllocation,PLC IO分配表,14,激光切割挡料气缸原位,0,I1,Bit,1,FALSE,TRUE,TRUE,原点检测,1,Indicator,激光切割挡料气缸原位,激光切割挡料气缸原位检测,,,,,,激光切割挡料气缸原位信号,FALSE,TRUE,Error,FALSE,FALSE,
PLCIOAllocation,PLC IO分配表,14,上大料盘顶升轴报警,0,I1,Bit,0,FALSE,TRUE,TRUE,报警检测,0,Indicator,上大料盘顶升轴报警,上大料盘顶升轴报警信号,,,,,,上大料盘顶升轴报警状态,FALSE,TRUE,Error,FALSE,FALSE,
PLCIOAllocation,PLC IO分配表,14,下大料盘顶升轴报警,0,I1,Bit,1,FALSE,TRUE,TRUE,报警检测,1,Indicator,下大料盘顶升轴报警,下大料盘顶升轴报警信号,,,,,,下大料盘顶升轴报警状态,FALSE,TRUE,Error,FALSE,FALSE,
PLCIOAllocation,PLC IO分配表,14,上小料盘顶升轴报警,0,I1,Bit,2,FALSE,TRUE,TRUE,报警检测,2,Indicator,上小料盘顶升轴报警,上小料盘顶升轴报警信号,,,,,,上小料盘顶升轴报警状态,FALSE,TRUE,Error,FALSE,FALSE,
PLCIOAllocation,PLC IO分配表,14,下小料盘顶升轴报警,0,I1,Bit,3,FALSE,TRUE,TRUE,报警检测,3,Indicator,下小料盘顶升轴报警,下小料盘顶升轴报警信号,,,,,,下小料盘顶升轴报警状态,FALSE,TRUE,Error,FALSE,FALSE,
PLCIOAllocation,PLC IO分配表,14,手动上大料盘到位检测光电,0,I1,Bit,4,FALSE,TRUE,TRUE,光电检测,0,Indicator,手动上大料盘到位检测光电,手动上大料盘到位检测光电信号,,,,,,手动上大料盘到位检测,FALSE,TRUE,Error,FALSE,FALSE,
PLCIOAllocation,PLC IO分配表,14,上大料盘前段检料盘光电,0,I1,Bit,5,FALSE,TRUE,TRUE,光电检测,1,Indicator,上大料盘前段检料盘光电,上大料盘前段检料盘光电信号,,,,,,上大料盘前段检料盘检测,FALSE,TRUE,Error,FALSE,FALSE,
PLCIOAllocation,PLC IO分配表,14,上大料盘二段到位检测光电,0,I1,Bit,6,FALSE,TRUE,TRUE,光电检测,2,Indicator,上大料盘二段到位检测光电,上大料盘二段到位检测光电信号,,,,,,上大料盘二段到位检测,FALSE,TRUE,Error,FALSE,FALSE,
PLCIOAllocation,PLC IO分配表,14,上小料位进备料区到位光电,0,I1,Bit,7,FALSE,TRUE,TRUE,光电检测,3,Indicator,上小料位进备料区到位光电,上小料位进备料区到位光电信号,,,,,,上小料位进备料区到位检测,FALSE,TRUE,Error,FALSE,FALSE,
PLCIOAllocation,PLC IO分配表,14,升降门上限,0,I2,Bit,0,FALSE,TRUE,TRUE,光电检测,,Indicator,升降门上限,升降门上限,升降门上限,,,,,升降门上限,FALSE,TRUE,Error,FALSE,FALSE,
PLCIOAllocation,PLC IO分配表,14,升降门下限,0,I2,Bit,1,FALSE,TRUE,TRUE,光电检测,,Indicator,升降门下限,升降门下限,升降门下限,,,,,升降门下限,FALSE,TRUE,Error,FALSE,FALSE,
PLCIOAllocation,PLC IO分配表,14,升降门启动按钮,0,I2,Bit,2,FALSE,TRUE,TRUE,光电检测,,Indicator,升降门启动按钮,升降门启动按钮,升降门启动按钮,,,,,升降门启动按钮,FALSE,TRUE,Error,FALSE,FALSE,
PLCIOAllocation,PLC IO分配表,14,下小料盘顶升轴报警,0,I2,Bit,3,FALSE,TRUE,TRUE,光电检测,,Indicator,下小料盘顶升轴报警,下小料盘顶升轴报警,下小料盘顶升轴报警,,,,,下小料盘顶升轴报警,FALSE,TRUE,Error,FALSE,FALSE,
PLCIOAllocation,PLC IO分配表,14,手动上大料盘到位检测光电,0,I2,Bit,4,FALSE,TRUE,TRUE,光电检测,,Indicator,手动上大料盘到位检测光电,手动上大料盘到位检测光电,手动上大料盘到位检测光电,,,,,手动上大料盘到位检测光电,FALSE,TRUE,Error,FALSE,FALSE,
PLCIOAllocation,PLC IO分配表,14,上大料盘前段检料盘光电,0,I2,Bit,5,FALSE,TRUE,TRUE,光电检测,,Indicator,上大料盘前段检料盘光电,上大料盘前段检料盘光电,上大料盘前段检料盘光电,,,,,上大料盘前段检料盘光电,FALSE,TRUE,Error,FALSE,FALSE,
PLCIOAllocation,PLC IO分配表,14,上大料盘二段到位检测光电,0,I2,Bit,6,FALSE,TRUE,TRUE,光电检测,,Indicator,上大料盘二段到位检测光电,上大料盘二段到位检测光电,上大料盘二段到位检测光电,,,,,上大料盘二段到位检测光电,FALSE,TRUE,Error,FALSE,FALSE,
PLCIOAllocation,PLC IO分配表,14,上小料位进备料区到位光电,0,I2,Bit,7,FALSE,TRUE,TRUE,光电检测,,Indicator,上小料位进备料区到位光电,上小料位进备料区到位光电,上小料位进备料区到位光电,,,,,上小料位进备料区到位光电,FALSE,TRUE,Error,FALSE,FALSE,
PLCIOAllocation,PLC IO分配表,14,出大料盘前段到位检测光电,0,I3,Bit,0,FALSE,TRUE,TRUE,光电检测,,Indicator,出大料盘前段到位检测光电,出大料盘前段到位检测光电,出大料盘前段到位检测光电,,,,,出大料盘前段到位检测光电,FALSE,TRUE,Error,FALSE,FALSE,
PLCIOAllocation,PLC IO分配表,14,出大料盘二段到位检测光电,0,I3,Bit,1,FALSE,TRUE,TRUE,光电检测,,Indicator,出大料盘二段到位检测光电,出大料盘二段到位检测光电,出大料盘二段到位检测光电,,,,,出大料盘二段到位检测光电,FALSE,TRUE,Error,FALSE,FALSE,
PLCIOAllocation,PLC IO分配表,14,出大料盘手工下料到位光电检测,0,I3,Bit,2,FALSE,TRUE,TRUE,光电检测,,Indicator,出大料盘手工下料到位光电检测,出大料盘手工下料到位光电检测,出大料盘手工下料到位光电检测,,,,,出大料盘手工下料到位光电检测,FALSE,TRUE,Error,FALSE,FALSE,
PLCIOAllocation,PLC IO分配表,14,手动上小料盘到位检测光电,0,I3,Bit,3,FALSE,TRUE,TRUE,光电检测,7,Indicator,手动上小料盘到位检测光电,手动上小料盘到位检测光电,手动上小料盘到位检测光电,,,,,手动上小料盘到位检测光电,FALSE,TRUE,Error,FALSE,FALSE,
PLCIOAllocation,PLC IO分配表,14,上小料盘前段到位检测光电,0,I3,Bit,4,FALSE,TRUE,TRUE,光电检测,8,Indicator,上小料盘前段到位检测光电,上小料盘前段到位检测光电信号,,,,,,上小料盘前段到位检测,FALSE,TRUE,Error,FALSE,FALSE,
PLCIOAllocation,PLC IO分配表,14,上小料盘二段到位检测光电,0,I3,Bit,5,FALSE,TRUE,TRUE,光电检测,9,Indicator,上小料盘二段到位检测光电,上小料盘二段到位检测光电信号,,,,,,上小料盘二段到位检测,FALSE,TRUE,Error,FALSE,FALSE,
PLCIOAllocation,PLC IO分配表,14,ROB取中,0,I3,Bit,6,FALSE,TRUE,TRUE,机器人状态,0,Indicator,ROB取中,机器人取中信号,,,,,,机器人取中状态,FALSE,TRUE,Error,FALSE,FALSE,
PLCIOAllocation,PLC IO分配表,14,出小料盘前段到位检测光电,0,I3,Bit,7,FALSE,TRUE,TRUE,光电检测,10,Indicator,出小料盘前段到位检测光电,出小料盘前段到位检测光电信号,,,,,,出小料盘前段到位检测,FALSE,TRUE,Error,FALSE,FALSE,
PLCIOAllocation,PLC IO分配表,14,出小料盘二段到位检测光电,0,I4,Bit,0,FALSE,TRUE,TRUE,光电检测,11,Indicator,出小料盘二段到位检测光电,出小料盘二段到位检测光电信号,,,,,,出小料盘二段到位检测,FALSE,TRUE,Error,FALSE,FALSE,
PLCIOAllocation,PLC IO分配表,14,出小料盘手工下料到位光电检测,0,I4,Bit,1,FALSE,TRUE,TRUE,光电检测,12,Indicator,出小料盘手工下料到位光电检测,出小料盘手工下料到位光电检测信号,,,,,,出小料盘手工下料到位检测,FALSE,TRUE,Error,FALSE,FALSE,
PLCIOAllocation,PLC IO分配表,14,自动手动选择开关,0,I4,Bit,2,FALSE,TRUE,TRUE,按钮开关,0,Indicator,自动/手动,自动手动选择开关状态,,,,,,自动手动选择开关状态,FALSE,TRUE,Error,FALSE,FALSE,
PLCIOAllocation,PLC IO分配表,14,启停按钮绿色,0,I4,Bit,3,FALSE,TRUE,TRUE,按钮开关,1,Indicator,启停按钮,启停按钮状态(绿色),,,,,,启停按钮状态,FALSE,TRUE,Error,FALSE,FALSE,
PLCIOAllocation,PLC IO分配表,14,复位按钮黄色,0,I4,Bit,4,FALSE,TRUE,TRUE,按钮开关,2,Indicator,复位按钮,复位按钮状态(黄色),,,,,,复位按钮状态,FALSE,TRUE,Error,FALSE,FALSE,
PLCIOAllocation,PLC IO分配表,14,急停按钮红色,0,I4,Bit,5,FALSE,TRUE,TRUE,按钮开关,3,Indicator,急停按钮,急停按钮状态(红色),,,,,,急停按钮状态,FALSE,TRUE,Error,FALSE,FALSE,
PLCIOAllocation,PLC IO分配表,14,ROB_safety,0,I4,Bit,6,FALSE,TRUE,TRUE,机器人状态,1,Indicator,ROB安全,机器人安全信号,,,,,,机器人安全状态,FALSE,TRUE,Error,FALSE,FALSE,
PLCIOAllocation,PLC IO分配表,14,放料位升降气缸原位,0,I4,Bit,7,FALSE,TRUE,TRUE,气缸状态,0,Indicator,放料位升降气缸原位,放料位升降气缸原位检测,,,,,,放料位升降气缸原位状态,FALSE,TRUE,Error,FALSE,FALSE,
PLCIOAllocation,PLC IO分配表,14,大料盘进料顶升位料盘光纤检测,0,I5,Bit,0,FALSE,TRUE,TRUE,光纤检测,0,Indicator,大料盘进料顶升位料盘光纤检测,大料盘进料顶升位料盘光纤检测,,,,,,大料盘进料顶升位料盘检测,FALSE,TRUE,Error,FALSE,FALSE,
PLCIOAllocation,PLC IO分配表,14,大料盘出料顶升位料盘光纤检测,0,I5,Bit,1,FALSE,TRUE,TRUE,光纤检测,1,Indicator,大料盘出料顶升位料盘光纤检测,大料盘出料顶升位料盘光纤检测,,,,,,大料盘出料顶升位料盘检测,FALSE,TRUE,Error,FALSE,FALSE,
PLCIOAllocation,PLC IO分配表,14,大料盘接料位到位光纤检测,0,I5,Bit,2,FALSE,TRUE,TRUE,光纤检测,2,Indicator,大料盘接料位到位光纤检测,大料盘接料位到位光纤检测,,,,,,大料盘接料位到位检测,FALSE,TRUE,Error,FALSE,FALSE,
PLCIOAllocation,PLC IO分配表,14,小料盘进料顶升位料盘光纤检测,0,I5,Bit,3,FALSE,TRUE,TRUE,光纤检测,3,Indicator,小料盘进料顶升位料盘光纤检测,小料盘进料顶升位料盘光纤检测,,,,,,小料盘进料顶升位料盘检测,FALSE,TRUE,Error,FALSE,FALSE,
PLCIOAllocation,PLC IO分配表,14,小料盘出料顶升位料盘光纤检测,0,I5,Bit,4,FALSE,TRUE,TRUE,光纤检测,4,Indicator,小料盘出料顶升位料盘光纤检测,小料盘出料顶升位料盘光纤检测,,,,,,小料盘出料顶升位料盘检测,FALSE,TRUE,Error,FALSE,FALSE,
PLCIOAllocation,PLC IO分配表,14,小料盘接料位到位光纤检测,0,I5,Bit,5,FALSE,TRUE,TRUE,光纤检测,5,Indicator,小料盘接料位到位光纤检测,小料盘接料位到位光纤检测,,,,,,小料盘接料位到位检测,FALSE,TRUE,Error,FALSE,FALSE,
PLCIOAllocation,PLC IO分配表,14,机器人夹爪有料检测,0,I5,Bit,6,FALSE,TRUE,TRUE,机器人状态,2,Indicator,机器人夹爪有料检测,机器人夹爪有料检测,,,,,,机器人夹爪有料状态,FALSE,TRUE,Error,FALSE,FALSE,
PLCIOAllocation,PLC IO分配表,14,ROB放完,0,I5,Bit,7,FALSE,TRUE,TRUE,机器人状态,3,Indicator,ROB放完,机器人放完信号,,,,,,机器人放完状态,FALSE,TRUE,Error,FALSE,FALSE,
PLCIOAllocation,PLC IO分配表,14,上小料盘顶升轴脉冲,0,Q0,Bit,4,FALSE,TRUE,TRUE,脉冲输出,0,Indicator,上小料盘顶升轴脉冲,上小料盘顶升轴脉冲输出,,,,,,上小料盘顶升轴脉冲状态,FALSE,TRUE,Error,FALSE,FALSE,
PLCIOAllocation,PLC IO分配表,14,下小料盘顶升轴脉冲,0,Q0,Bit,5,FALSE,TRUE,TRUE,脉冲输出,1,Indicator,下小料盘顶升轴脉冲,下小料盘顶升轴脉冲输出,,,,,,下小料盘顶升轴脉冲状态,FALSE,TRUE,Error,FALSE,FALSE,
PLCIOAllocation,PLC IO分配表,14,上小料盘顶升轴方向,0,Q0,Bit,6,FALSE,TRUE,TRUE,方向输出,0,Indicator,上小料盘顶升轴方向,上小料盘顶升轴方向输出,,,,,,上小料盘顶升轴方向状态,FALSE,TRUE,Error,FALSE,FALSE,
PLCIOAllocation,PLC IO分配表,14,下小料盘顶升轴方向,0,Q0,Bit,7,FALSE,TRUE,TRUE,方向输出,1,Indicator,下小料盘顶升轴方向,下小料盘顶升轴方向输出,,,,,,下小料盘顶升轴方向状态,FALSE,TRUE,Error,FALSE,FALSE,
PLCIOAllocation,PLC IO分配表,14,上大料盘顶升轴脉冲,0,Q1,Bit,0,FALSE,TRUE,TRUE,脉冲输出,2,Indicator,上大料盘顶升轴脉冲,上大料盘顶升轴脉冲输出,,,,,,上大料盘顶升轴脉冲状态,FALSE,TRUE,Error,FALSE,FALSE,
PLCIOAllocation,PLC IO分配表,14,下大料盘顶升轴脉冲,0,Q1,Bit,1,FALSE,TRUE,TRUE,脉冲输出,3,Indicator,下大料盘顶升轴脉冲,下大料盘顶升轴脉冲输出,,,,,,下大料盘顶升轴脉冲状态,FALSE,TRUE,Error,FALSE,FALSE,
PLCIOAllocation,PLC IO分配表,14,上大料盘夹料盘气缸中继,0,Q2,Bit,0,FALSE,TRUE,TRUE,气缸控制,0,Indicator,上大料盘夹料盘气缸,上大料盘夹料盘气缸输出(中继),,,,,,上大料盘夹料盘气缸状态,FALSE,TRUE,Error,FALSE,FALSE,
PLCIOAllocation,PLC IO分配表,14,下大料盘夹料盘气缸中继,0,Q2,Bit,1,FALSE,TRUE,TRUE,气缸控制,1,Indicator,下大料盘夹料盘气缸,下大料盘夹料盘气缸输出(中继),,,,,,下大料盘夹料盘气缸状态,FALSE,TRUE,Error,FALSE,FALSE,
PLCIOAllocation,PLC IO分配表,14,上小料盘夹料盘气缸中继,0,Q2,Bit,2,FALSE,TRUE,TRUE,气缸控制,2,Indicator,上小料盘夹料盘气缸,上小料盘夹料盘气缸输出(中继),,,,,,上小料盘夹料盘气缸状态,FALSE,TRUE,Error,FALSE,FALSE,
PLCIOAllocation,PLC IO分配表,14,下小料盘夹料盘气缸中继,0,Q2,Bit,3,FALSE,TRUE,TRUE,气缸控制,3,Indicator,下小料盘夹料盘气缸,下小料盘夹料盘气缸输出(中继),,,,,,下小料盘夹料盘气缸状态,FALSE,TRUE,Error,FALSE,FALSE,
PLCIOAllocation,PLC IO分配表,14,散热风扇中继,0,Q2,Bit,4,FALSE,TRUE,TRUE,设备控制,0,Indicator,散热风扇,散热风扇输出(中继),,,,,,散热风扇状态,FALSE,TRUE,Error,FALSE,FALSE,
PLCIOAllocation,PLC IO分配表,14,震动盘排料Q点,0,Q2,Bit,5,FALSE,TRUE,TRUE,设备控制,1,Indicator,震动盘排料Q点,震动盘排料Q点输出,,,,,,震动盘排料Q点状态,FALSE,TRUE,Error,FALSE,FALSE,
PLCIOAllocation,PLC IO分配表,14,绿灯,0,Q2,Bit,6,FALSE,TRUE,TRUE,指示灯,0,Indicator,绿灯,绿灯指示输出,,,,,,绿灯状态,FALSE,TRUE,Error,FALSE,FALSE,
PLCIOAllocation,PLC IO分配表,14,黄灯,0,Q2,Bit,7,FALSE,TRUE,TRUE,指示灯,1,Indicator,黄灯,黄灯指示输出,,,,,,黄灯状态,FALSE,TRUE,Error,FALSE,FALSE,
PLCIOAllocation,PLC IO分配表,14,红灯,0,Q3,Bit,0,FALSE,TRUE,TRUE,指示灯,2,Indicator,红灯,红灯指示输出,,,,,,红灯状态,FALSE,TRUE,Error,FALSE,FALSE,
PLCIOAllocation,PLC IO分配表,14,蜂鸣器,0,Q3,Bit,1,FALSE,TRUE,TRUE,指示灯,3,Indicator,蜂鸣器,蜂鸣器输出,,,,,,蜂鸣器状态,FALSE,TRUE,Error,FALSE,FALSE,
PLCIOAllocation,PLC IO分配表,14,机器人夹爪,0,Q3,Bit,2,FALSE,TRUE,TRUE,机器人控制,0,Indicator,机器人夹爪,机器人夹爪控制输出,,,,,,机器人夹爪状态,FALSE,TRUE,Error,FALSE,FALSE,
PLCIOAllocation,PLC IO分配表,14,上小料盘顶升轴方向1,0,Q3,Bit,4,FALSE,TRUE,TRUE,方向输出,2,Indicator,上小料盘顶升轴方向1,上小料盘顶升轴方向1输出,,,,,,上小料盘顶升轴方向1状态,FALSE,TRUE,Error,FALSE,FALSE,
PLCIOAllocation,PLC IO分配表,14,上大料盘顶升轴方向1,0,Q3,Bit,5,FALSE,TRUE,TRUE,方向输出,3,Indicator,上大料盘顶升轴方向1,上大料盘顶升轴方向1输出,,,,,,上大料盘顶升轴方向1状态,FALSE,TRUE,Error,FALSE,FALSE,
PLCIOAllocation,PLC IO分配表,14,下大料盘顶升轴方向1,0,Q3,Bit,6,FALSE,TRUE,TRUE,方向输出,4,Indicator,下大料盘顶升轴方向1,下大料盘顶升轴方向1输出,,,,,,下大料盘顶升轴方向1状态,FALSE,TRUE,Error,FALSE,FALSE,
PLCIOAllocation,PLC IO分配表,14,上大料盘顶升轴方向,0,Q3,Bit,0,FALSE,TRUE,TRUE,方向输出,5,Indicator,上大料盘顶升轴方向,上大料盘顶升轴方向输出,,,,,,上大料盘顶升轴方向状态,FALSE,TRUE,Error,FALSE,FALSE,
PLCIOAllocation,PLC IO分配表,14,下大料盘顶升轴方向,0,Q3,Bit,1,FALSE,TRUE,TRUE,方向输出,6,Indicator,下大料盘顶升轴方向,下大料盘顶升轴方向输出,,,,,,下大料盘顶升轴方向状态,FALSE,TRUE,Error,FALSE,FALSE,
PLCIOAllocation,PLC IO分配表,14,大料盘进料夹料输送带启动1_2中大变频,0,Q4,Bit,0,FALSE,TRUE,TRUE,电机控制,0,Indicator,大料盘进料夹料输送带启动,大料盘进料夹料输送带启动(1-2中大变频),,,,,,大料盘进料夹料输送带状态,FALSE,TRUE,Error,FALSE,FALSE,
PLCIOAllocation,PLC IO分配表,14,大料盘出料夹料输送带启动3_4中大变频,0,Q4,Bit,1,FALSE,TRUE,TRUE,电机控制,1,Indicator,大料盘出料夹料输送带启动,大料盘出料夹料输送带启动(3-4中大变频),,,,,,大料盘出料夹料输送带状态,FALSE,TRUE,Error,FALSE,FALSE,
PLCIOAllocation,PLC IO分配表,14,小料盘进料夹料输送带启动5_6中大变频,0,Q5,Bit,2,FALSE,TRUE,TRUE,电机控制,2,Indicator,小料盘进料夹料输送带启动,小料盘进料夹料输送带启动(5-6中大变频),,,,,,小料盘进料夹料输送带状态,FALSE,TRUE,Error,FALSE,FALSE,
PLCIOAllocation,PLC IO分配表,14,小料盘出料夹料输送带启动7_8中大变频,0,Q5,Bit,3,FALSE,TRUE,TRUE,电机控制,3,Indicator,小料盘出料夹料输送带启动,小料盘出料夹料输送带启动(7-8中大变频),,,,,,小料盘出料夹料输送带状态,FALSE,TRUE,Error,FALSE,FALSE,
PLCIOAllocation,PLC IO分配表,14,小料盘出料链板启动9中大变频,0,Q5,Bit,4,FALSE,TRUE,TRUE,电机控制,4,Indicator,小料盘出料链板启动,小料盘出料链板启动(9中大变频),,,,,,小料盘出料链板状态,FALSE,TRUE,Error,FALSE,FALSE,
PLCIOAllocation,PLC IO分配表,14,小料盘进料链板启动10中大变频,0,Q5,Bit,5,FALSE,TRUE,TRUE,电机控制,5,Indicator,小料盘进料链板启动,小料盘进料链板启动(10中大变频),,,,,,小料盘进料链板状态,FALSE,TRUE,Error,FALSE,FALSE,
PLCIOAllocation,PLC IO分配表,14,ROB去取,0,Q5,Bit,6,FALSE,TRUE,TRUE,机器人控制,1,Indicator,ROB去取,机器人去取控制输出,,,,,,机器人去取状态,FALSE,TRUE,Error,FALSE,FALSE,
PLCIOAllocation,PLC IO分配表,14,ROB去放,0,Q5,Bit,7,FALSE,TRUE,TRUE,机器人控制,2,Indicator,ROB去放,机器人去放控制输出,,,,,,机器人去放状态,FALSE,TRUE,Error,FALSE,FALSE,
PLCIOAllocation,PLC IO分配表,14,大料盘上料链板启动2号汇川变频,0,Q5,Bit,0,FALSE,TRUE,TRUE,电机控制,6,Indicator,大料盘上料链板启动,大料盘上料链板启动(2号汇川变频),,,,,,大料盘上料链板状态,FALSE,TRUE,Error,FALSE,FALSE,
PLCIOAllocation,PLC IO分配表,14,大料盘手动下料输送带启动3号汇川变频,0,Q5,Bit,1,FALSE,TRUE,TRUE,电机控制,7,Indicator,大料盘手动下料输送带启动,大料盘手动下料输送带启动(3号汇川变频),,,,,,大料盘手动下料输送带状态,FALSE,TRUE,Error,FALSE,FALSE,
PLCIOAllocation,PLC IO分配表,14,大料盘上料链板启动4号汇川变频,0,Q6,Bit,2,FALSE,TRUE,TRUE,电机控制,8,Indicator,大料盘上料链板启动2,大料盘上料链板启动(4号汇川变频),,,,,,大料盘上料链板状态2,FALSE,TRUE,Error,FALSE,FALSE,
PLCIOAllocation,PLC IO分配表,14,小料盘手动上料输送带启动5号汇川变频,0,Q6,Bit,3,FALSE,TRUE,TRUE,电机控制,9,Indicator,小料盘手动上料输送带启动,小料盘手动上料输送带启动(5号汇川变频),,,,,,小料盘手动上料输送带状态,FALSE,TRUE,Error,FALSE,FALSE,
PLCIOAllocation,PLC IO分配表,14,小料盘手动下料输送带启动6号汇川变频,0,Q6,Bit,4,FALSE,TRUE,TRUE,电机控制,10,Indicator,小料盘手动下料输送带启动,小料盘手动下料输送带启动(6号汇川变频),,,,,,小料盘手动下料输送带状态,FALSE,TRUE,Error,FALSE,FALSE,
PLCIOAllocation,PLC IO分配表,14,大料盘手动上料输送带启动1号汇川变频,0,Q6,Bit,5,FALSE,TRUE,TRUE,电机控制,11,Indicator,大料盘手动上料输送带启动,大料盘手动上料输送带启动(1号汇川变频),,,,,,大料盘手动上料输送带状态,FALSE,TRUE,Error,FALSE,FALSE,
PLCIOAllocation,PLC IO分配表,14,放料位升降气缸,0,Q6,Bit,6,FALSE,TRUE,TRUE,气缸控制,4,Indicator,放料位升降气缸,放料位升降气缸控制,,,,,,放料位升降气缸状态,FALSE,TRUE,Error,FALSE,FALSE,
PLCIOAllocation,PLC IO分配表,14,激光切割挡料气缸,0,Q6,Bit,7,FALSE,TRUE,TRUE,气缸控制,5,Indicator,激光切割挡料气缸,激光切割挡料气缸控制,,,,,,激光切割挡料气缸状态,FALSE,TRUE,Error,FALSE,FALSE,
PLCIOAllocation,PLC IO分配表,14,升降门有问题,0,69,Bit,4,FALSE,TRUE,TRUE,气安全信号,5,Indicator,升降门有问题,升降门有问题,,,,,,升降门有问题,TRUE,2,Error,FALSE,FALSE,
AutoProgram,自动程序变量,15,ROB给设备安全信号,3,1000,Bit,0,TRUE,TRUE,TRUE,安全信号,0,ToggleButton,ROB给设备安全信号,ROB给设备安全信号,,,,,,ROB给设备安全信号,FALSE,TRUE,Error,FALSE,FALSE,
AutoProgram,自动程序变量,15,设备给ROB安全信号,3,1000,Bit,1,FALSE,TRUE,TRUE,安全信号,1,Indicator,设备给ROB安全信号,设备给ROB安全信号,,,,,,设备给ROB安全信号,FALSE,TRUE,Error,FALSE,FALSE,
AutoProgram,自动程序变量,15,设备请求ROB放料信号,3,1000,Bit,2,FALSE,TRUE,TRUE,机器人状态,0,Indicator,设备请求ROB放料信号,设备请求ROB放料信号,,,,,,设备请求ROB放料信号,FALSE,TRUE,Error,FALSE,FALSE,
AutoProgram,自动程序变量,15,自动时启动环形轴条件,3,1000,Bit,4,TRUE,TRUE,TRUE,启动条件,0,ToggleButton,自动时启动环形轴条件,自动时启动环形轴条件,,,,,,自动时启动环形轴条件,FALSE,TRUE,Error,FALSE,FALSE,
AutoProgram,自动程序变量,15,周期性停机,3,1000,Bit,5,TRUE,TRUE,TRUE,按钮开关,0,JogButton,周期性停机,周期性停机,,,,,,周期性停机,FALSE,TRUE,Error,FALSE,FALSE,
AutoProgram,自动程序变量,15,屏蔽ROB,3,1000,Bit,6,TRUE,TRUE,TRUE,机器人控制,0,ToggleButton,屏蔽ROB,屏蔽ROB,,,,,,屏蔽ROB,FALSE,TRUE,Error,FALSE,FALSE,
AutoProgram,自动程序变量,15,工位1-放料工位完成,3,1000,Bit,7,FALSE,TRUE,TRUE,工位状态,0,Indicator,工位1放料工位完成,工位1-放料工位完成,,,,,,工位1-放料工位完成,FALSE,TRUE,Error,FALSE,FALSE,
AutoProgram,自动程序变量,15,工位2-过度工位完成,3,1001,Bit,0,FALSE,TRUE,TRUE,工位状态,1,Indicator,工位2过度工位完成,工位2-过度工位完成,,,,,,工位2-过度工位完成,FALSE,TRUE,Error,FALSE,FALSE,
AutoProgram,自动程序变量,15,工位3-拍照工位完成,3,1001,Bit,1,FALSE,TRUE,TRUE,工位状态,2,Indicator,工位3拍照工位完成,工位3-拍照工位完成,,,,,,工位3-拍照工位完成,FALSE,TRUE,Error,FALSE,FALSE,
AutoProgram,自动程序变量,15,工位4-过度工位完成,3,1001,Bit,2,FALSE,TRUE,TRUE,工位状态,3,Indicator,工位4过度工位完成,工位4-过度工位完成,,,,,,工位4-过度工位完成,FALSE,TRUE,Error,FALSE,FALSE,
AutoProgram,自动程序变量,15,工位5-激光切割工位完成,3,1001,Bit,3,FALSE,TRUE,TRUE,工位状态,4,Indicator,工位5激光切割工位完成,工位5-激光切割工位完成,,,,,,工位5-激光切割工位完成,FALSE,TRUE,Error,FALSE,FALSE,
AutoProgram,自动程序变量,15,工位6-过度工位完成,3,1001,Bit,4,FALSE,TRUE,TRUE,工位状态,5,Indicator,工位6过度工位完成,工位6-过度工位完成,,,,,,工位6-过度工位完成,FALSE,TRUE,Error,FALSE,FALSE,
AutoProgram,自动程序变量,15,工位7-下大料工位完成,3,1001,Bit,5,FALSE,TRUE,TRUE,工位状态,6,Indicator,工位7下大料工位完成,工位7-下大料工位完成,,,,,,工位7-下大料工位完成,FALSE,TRUE,Error,FALSE,FALSE,
AutoProgram,自动程序变量,15,工位8-过度工位完成,3,1001,Bit,6,FALSE,TRUE,TRUE,工位状态,7,Indicator,工位8过度工位完成,工位8-过度工位完成,,,,,,工位8-过度工位完成,FALSE,TRUE,Error,FALSE,FALSE,
AutoProgram,自动程序变量,15,环形导轨轴初始化,3,1002,Bit,0,TRUE,TRUE,TRUE,手动启动,0,JogButton,环形导轨轴初始化,环形导轨轴初始化(长按3秒),,,,,,环形导轨轴初始化,FALSE,TRUE,Error,FALSE,FALSE,
AutoProgram,自动程序变量,15,节拍时间,3,1004,Real,0,TRUE,TRUE,TRUE,时间参数,0,NumberInput,节拍时间,节拍时间,,s,2,0,9999,节拍时间,FALSE,TRUE,Error,FALSE,FALSE,
AutoProgram,自动程序变量,15,环形导轨移动时间,3,1008,Real,0,TRUE,TRUE,TRUE,时间参数,1,NumberInput,环形导轨移动时间,环形导轨移动时间,,s,2,0,9999,环形导轨移动时间,FALSE,TRUE,Error,FALSE,FALSE,
AutoProgram,自动程序变量,15,设备收到请求放料信号,3,1002,Bit,1,TRUE,TRUE,TRUE,机器人状态,1,ToggleButton,设备收到请求放料信号,设备收到请求放料信号,,,,,,设备收到请求放料信号,FALSE,TRUE,Error,FALSE,FALSE,
AutoProgram,自动程序变量,15,等待机器人放料完成,3,1002,Bit,2,TRUE,TRUE,TRUE,机器人状态,2,ToggleButton,等待机器人放料完成,等待机器人放料完成,,,,,,等待机器人放料完成,FALSE,TRUE,Error,FALSE,FALSE,
AutoProgram,自动程序变量,15,激光切割请求信号,3,1002,Bit,5,FALSE,TRUE,TRUE,激光切割,0,Indicator,激光切割请求信号,激光切割请求信号,,,,,,激光切割请求信号,FALSE,TRUE,Error,FALSE,FALSE,
AutoProgram,自动程序变量,15,环形导轨轴初始化中,3,1002,Bit,7,FALSE,TRUE,TRUE,系统状态,1,Indicator,环形导轨轴初始化中,环形导轨轴初始化中,,,,,,环形导轨轴初始化中,FALSE,TRUE,Error,FALSE,FALSE,
AutoProgram,自动程序变量,15,环形导轨轴初始化超时,3,1003,Bit,0,FALSE,TRUE,TRUE,系统状态,2,Indicator,环形导轨轴初始化超时,环形导轨轴初始化超时,,,,,,环形导轨轴初始化超时,FALSE,TRUE,Error,FALSE,FALSE,
AutoProgram,自动程序变量,15,空跑测试,3,1003,Bit,4,TRUE,TRUE,TRUE,测试功能,0,ToggleButton,空跑测试,空跑测试,,,,,,空跑测试,FALSE,TRUE,Error,FALSE,FALSE,
AutoProgram,自动程序变量,15,上位机心跳检测,3,1003,Bit,6,TRUE,TRUE,TRUE,通讯状态,0,ToggleButton,上位机心跳检测,上位机心跳检测(上位机一直写1),,,,,,上位机心跳检测,FALSE,TRUE,Error,FALSE,FALSE,
AutoProgram,自动程序变量,15,上位机通讯中断,3,1003,Bit,7,FALSE,TRUE,FALSE,通讯状态,1,Indicator,上位机通讯中断,上位机通讯中断,,,,,,上位机通讯中断,TRUE,TRUE,Critical,TRUE,TRUE,检查上位机连接
AutoProgram,自动程序变量,15,伺服有掉线,3,1012,Bit,0,FALSE,TRUE,FALSE,伺服状态,0,Indicator,伺服有掉线,伺服有掉线,,,,,,伺服有掉线,TRUE,TRUE,Critical,TRUE,TRUE,检查伺服器连接
AutoProgram,自动程序变量,15,环形导轨轴掉线,3,7000,Bit,1,FALSE,TRUE,FALSE,伺服状态,1,Indicator,环形导轨轴掉线,环形导轨轴掉线(为0时表示掉线),,,,,,环形导轨轴掉线,TRUE,FALSE,Warning,FALSE,FALSE,检查环形导轨轴连接
AutoProgram,自动程序变量,15,种子上料轴掉线,3,7000,Bit,2,FALSE,TRUE,FALSE,伺服状态,2,Indicator,种子上料轴掉线,种子上料轴掉线(为0时表示掉线),,,,,,种子上料轴掉线,TRUE,FALSE,Warning,FALSE,FALSE,检查种子上料轴连接
AutoProgram,自动程序变量,15,拍照定位轴掉线,3,7000,Bit,3,FALSE,TRUE,FALSE,伺服状态,3,Indicator,拍照定位轴掉线,拍照定位轴掉线(为0时表示掉线),,,,,,拍照定位轴掉线,TRUE,FALSE,Warning,FALSE,FALSE,检查拍照定位轴连接
AutoProgram,自动程序变量,15,激光切割定位轴掉线,3,7000,Bit,4,FALSE,TRUE,FALSE,伺服状态,4,Indicator,激光切割定位轴掉线,激光切割定位轴掉线(为0时表示掉线),,,,,,激光切割定位轴掉线,TRUE,FALSE,Warning,FALSE,FALSE,检查激光切割定位轴连接
AutoProgram,自动程序变量,15,小料盘Y轴掉线,3,7000,Bit,5,FALSE,TRUE,FALSE,伺服状态,5,Indicator,小料盘Y轴掉线,小料盘Y轴掉线(为0时表示掉线),,,,,,小料盘Y轴掉线,TRUE,FALSE,Warning,FALSE,FALSE,检查小料盘Y轴连接
AutoProgram,自动程序变量,15,小料盘X轴掉线,3,7000,Bit,6,FALSE,TRUE,FALSE,伺服状态,6,Indicator,小料盘X轴掉线,小料盘X轴掉线(为0时表示掉线),,,,,,小料盘X轴掉线,TRUE,FALSE,Warning,FALSE,FALSE,检查小料盘X轴连接
AutoProgram,自动程序变量,15,种子下料轴掉线,3,7000,Bit,7,FALSE,TRUE,FALSE,伺服状态,7,Indicator,种子下料轴掉线,种子下料轴掉线(为0时表示掉线),,,,,,种子下料轴掉线,TRUE,FALSE,Warning,FALSE,FALSE,检查种子下料轴连接
AutoProgram,自动程序变量,15,大料盘Y轴掉线,3,7001,Bit,0,FALSE,TRUE,FALSE,伺服状态,8,Indicator,大料盘Y轴掉线,大料盘Y轴掉线(为0时表示掉线),,,,,,大料盘Y轴掉线,TRUE,FALSE,Warning,FALSE,FALSE,检查大料盘Y轴连接
AutoProgram,自动程序变量,15,大料盘X轴掉线,3,7001,Bit,1,FALSE,TRUE,FALSE,伺服状态,9,Indicator,大料盘X轴掉线,大料盘X轴掉线(为0时表示掉线),,,,,,大料盘X轴掉线,TRUE,FALSE,Warning,FALSE,FALSE,检查大料盘X轴连接
AutoProgram,自动程序变量,15,水稻夹爪掉线,3,7001,Bit,2,FALSE,TRUE,FALSE,伺服状态,10,Indicator,水稻夹爪掉线,水稻夹爪掉线(为0时表示掉线),,,,,,水稻夹爪掉线,TRUE,FALSE,Warning,FALSE,FALSE,检查水稻夹爪连接
AutoProgram,自动程序变量,15,上位机-启动,3,1012,Bit,1,TRUE,TRUE,TRUE,上位机控制,0,JogButton,上位机启动,上位机启动,,,,,,上位机启动,FALSE,TRUE,Error,FALSE,FALSE,
AutoProgram,自动程序变量,15,上位机-复位,3,1012,Bit,2,TRUE,TRUE,TRUE,上位机控制,1,JogButton,上位机复位,上位机复位,,,,,,上位机复位,FALSE,TRUE,Error,FALSE,FALSE,
AutoProgram,自动程序变量,15,上位机-周期性停机标志,3,1012,Bit,3,FALSE,TRUE,TRUE,上位机控制,2,Indicator,上位机周期性停机标志,上位机周期性停机标志,,,,,,上位机周期性停机标志,FALSE,TRUE,Error,FALSE,FALSE,
AutoProgram,自动程序变量,15,上位机-关闭周期性停机,3,1012,Bit,4,TRUE,TRUE,TRUE,上位机控制,3,ToggleButton,上位机关闭周期性停机,上位机关闭周期性停机,,,,,,上位机关闭周期性停机,FALSE,TRUE,Error,FALSE,FALSE,
AutoProgram,自动程序变量,15,放料位升降气缸手动,3,1013,Bit,1,TRUE,TRUE,TRUE,气缸控制,0,ToggleButton,放料位升降气缸手动,放料位升降气缸手动,,,,,,放料位升降气缸手动,FALSE,TRUE,Error,FALSE,FALSE,
AutoProgram,自动程序变量,15,切割位挡料气缸手动,3,1013,Bit,2,TRUE,TRUE,TRUE,气缸控制,1,ToggleButton,切割位挡料气缸手动,切割位挡料气缸手动,,,,,,切割位挡料气缸手动,FALSE,TRUE,Error,FALSE,FALSE,
AutoProgram,自动程序变量,15,放料位升降气缸报警,3,1013,Bit,3,FALSE,TRUE,FALSE,气缸状态,0,Indicator,放料位升降气缸报警,放料位升降气缸报警,,,,,,放料位升降气缸报警,TRUE,TRUE,Error,TRUE,TRUE,检查放料位升降气缸
AutoProgram,自动程序变量,15,激光切割挡料气缸报警,3,1013,Bit,4,FALSE,TRUE,FALSE,气缸状态,1,Indicator,激光切割挡料气缸报警,激光切割挡料气缸报警,,,,,,激光切割挡料气缸报警,TRUE,TRUE,Error,TRUE,TRUE,检查激光切割挡料气缸
AutoProgram,自动程序变量,15,小料掉落时间,3,1014,INT32,0,TRUE,TRUE,TRUE,时间参数,2,NumberInput,小料掉落时间,小料掉落时间(单位MS),,ms,0,0,60000,小料掉落时间,FALSE,FALSE,Error,FALSE,FALSE,
AutoProgram,自动程序变量,15,大料掉落时间,3,1018,INT32,0,TRUE,TRUE,TRUE,时间参数,3,NumberInput,大料掉落时间,大料掉落时间(单位MS),,ms,0,0,60000,大料掉落时间,FALSE,TRUE,Error,FALSE,FALSE,
AutoProgram,自动程序变量,15,手动打开抽油烟机,3,1022,Bit,0,TRUE,TRUE,TRUE,手动控制,0,ToggleButton,手动打开抽油烟机,手动打开抽油烟机,,,,,,手动打开抽油烟机,FALSE,TRUE,Error,FALSE,FALSE,
AutoProgram,自动程序变量,15,屏蔽蜂鸣器,3,1022,Bit,1,TRUE,TRUE,TRUE,手动控制,1,ToggleButton,屏蔽蜂鸣器,屏蔽蜂鸣器,,,,,,屏蔽蜂鸣器,FALSE,TRUE,Error,FALSE,FALSE,
AutoProgram,自动程序变量,15,等待启动清洁夹具程序,3,1022,Bit,2,FALSE,TRUE,TRUE,清洁状态,0,Indicator,等待启动清洁夹具程序,等待启动清洁夹具程序,,,,,,等待启动清洁夹具程序,TRUE,TRUE,Warning,FALSE,FALSE,
AutoProgram,自动程序变量,15,清洁夹具中,3,1022,Bit,3,FALSE,TRUE,TRUE,清洁状态,1,Indicator,清洁夹具中,清洁夹具中,,,,,,清洁夹具中,TRUE,TRUE,Warning,FALSE,FALSE,
AutoProgram,自动程序变量,15,清洁夹具--请求激光,3,1026,Bit,1,FALSE,TRUE,TRUE,激光状态,0,Indicator,清洁夹具请求激光,清洁夹具--请求激光,,,,,,清洁夹具--请求激光,FALSE,TRUE,Error,FALSE,FALSE,
AutoProgram,自动程序变量,15,清洁夹具--激光完成,3,1026,Bit,2,TRUE,TRUE,TRUE,激光状态,1,JogButton,清洁夹具激光完成,清洁夹具--激光完成,,,,,,清洁夹具--激光完成,FALSE,TRUE,Error,FALSE,FALSE,
AutoProgram,自动程序变量,15,清洁夹具--完成,3,1030,Bit,0,FALSE,TRUE,TRUE,清洁状态,2,Indicator,清洁夹具完成,清洁夹具--完成,,,,,,清洁夹具--完成,TRUE,TRUE,Warning,FALSE,FALSE,
AutoProgram,自动程序变量,15,清洁夹具--手动,3,1030,Bit,2,TRUE,TRUE,TRUE,手动启动,0,JogButton,清洁夹具手动,清洁夹具--手动,,,,,,清洁夹具--手动,FALSE,TRUE,Error,FALSE,FALSE,
AutoProgram,自动程序变量,15,拍照请求信号,3,1002,Bit,3,FALSE,TRUE,FALSE,后台变量,0,Indicator,拍照请求信号,拍照请求信号,,,,,,拍照请求信号,FALSE,TRUE,Error,FALSE,FALSE,
AutoProgram,自动程序变量,15,拍照完成信号,3,1002,Bit,4,FALSE,TRUE,FALSE,后台变量,1,Indicator,拍照完成信号,拍照完成信号,,,,,,拍照完成信号,FALSE,TRUE,Error,FALSE,FALSE,
AutoProgram,自动程序变量,15,激光切割完成信号,3,1002,Bit,6,FALSE,TRUE,FALSE,后台变量,2,Indicator,激光切割完成信号,激光切割完成信号,,,,,,激光切割完成信号,FALSE,TRUE,Error,FALSE,FALSE,
AutoProgram,自动程序变量,15,机器人柔性夹爪,3,1003,Bit,1,TRUE,TRUE,TRUE,后台变量,3,JogButton,机器人柔性夹爪,机器人柔性夹爪,,,,,,机器人柔性夹爪,FALSE,TRUE,Error,FALSE,FALSE,
AutoProgram,自动程序变量,15,震动盘排料,3,1003,Bit,2,TRUE,TRUE,TRUE,后台变量,4,JogButton,震动盘排料,震动盘排料,,,,,,震动盘排料,FALSE,TRUE,Error,FALSE,FALSE,
AutoProgram,自动程序变量,15,柔性夹爪有料检测,3,1003,Bit,3,FALSE,TRUE,FALSE,后台变量,5,Indicator,柔性夹爪有料检测,柔性夹爪有料检测,,,,,,柔性夹爪有料检测,FALSE,TRUE,Error,FALSE,FALSE,
AutoProgram,自动程序变量,15,大料盘落料触发拍照,3,1012,Bit,5,FALSE,TRUE,FALSE,后台变量,6,Indicator,大料盘落料触发拍照,大料盘落料触发拍照,,,,,,大料盘落料触发拍照,FALSE,TRUE,Error,FALSE,FALSE,
AutoProgram,自动程序变量,15,大料盘落料触发拍照完成,3,1012,Bit,6,FALSE,TRUE,FALSE,后台变量,7,Indicator,大料盘落料触发拍照完成,大料盘落料触发拍照完成,,,,,,大料盘落料触发拍照完成,FALSE,TRUE,Error,FALSE,FALSE,
AutoProgram,自动程序变量,15,小料盘落料触发拍照,3,1012,Bit,7,FALSE,TRUE,FALSE,后台变量,8,Indicator,小料盘落料触发拍照,小料盘落料触发拍照,,,,,,小料盘落料触发拍照,FALSE,TRUE,Error,FALSE,FALSE,
AutoProgram,自动程序变量,15,小料盘落料触发拍照完成,3,1013,Bit,0,FALSE,TRUE,FALSE,后台变量,7,Indicator,小料盘落料触发拍照完成,小料盘落料触发拍照完成,,,,,,小料盘落料触发拍照完成,FALSE,TRUE,Error,FALSE,FALSE,
AutoProgram,自动程序变量,15,上位机-移动完成,3,1030,Bit,4,FALSE,TRUE,TRUE,后台变量,7,Indicator,上位机-移动完成,上位机-移动完成,,,,,,上位机-移动完成,FALSE,TRUE,Error,FALSE,FALSE,
AutoProgram,自动程序变量,15,震动盘排料,3,1003,Bit,2,TRUE,TRUE,TRUE,手动控制,0,ToggleButton,震动盘排料,震动盘排料,,,,,,震动盘排料,FALSE,TRUE,Error,FALSE,FALSE,
